수강번호,학습자ID,강좌ID,등록일,시작일,완료일,진행률(%),상태,학습시간
E00001,L0026,C020,2025-12-29,2025-12-29,,63,진행중,97
E00002,L0052,C029,2025-10-19,,,0,미시작,30
E00003,L0200,C025,2026-01-31,2026-01-31,2026-02-27,100,완료,34
E00004,L0144,C048,2026-01-29,2026-01-29,,88,진행중,299
E00005,L0029,C031,2026-04-05,2026-04-05,2026-04-20,100,완료,525
E00006,L0150,C001,2026-02-18,2026-02-18,,41,중단,221
E00007,L0148,C023,2025-11-24,2025-11-24,2025-12-14,100,완료,491
E00008,L0182,C043,2025-11-04,2025-11-04,2025-11-26,100,완료,353
E00009,L0162,C019,2026-03-04,2026-03-04,2026-04-17,100,완료,180
E00010,L0091,C022,2025-07-24,2025-07-24,,65,진행중,110
E00011,L0062,C021,2025-07-07,2025-07-07,,81,중단,359
E00012,L0024,C017,2025-11-21,2025-11-21,2025-12-22,100,완료,254
E00013,L0091,C012,2026-05-03,,,0,미시작,110
E00014,L0059,C018,2025-08-23,2025-08-23,2025-09-06,100,완료,56
E00015,L0160,C047,2026-01-20,2026-01-20,2026-03-10,100,완료,111
E00016,L0001,C003,2025-10-16,2025-10-16,2025-11-14,100,완료,170
E00017,L0071,C007,2025-11-06,2025-11-06,2025-12-09,100,완료,4
E00018,L0120,C033,2026-03-28,2026-03-28,2026-05-03,100,완료,67
E00019,L0126,C022,2025-12-22,2025-12-22,,66,진행중,85
E00020,L0128,C034,2026-02-08,2026-02-08,2026-03-26,100,완료,9
E00021,L0004,C032,2026-06-07,2026-06-07,,18,진행중,153
E00022,L0047,C026,2025-12-28,2025-12-28,2026-02-05,100,완료,425
E00023,L0011,C025,2025-12-27,2025-12-27,2026-02-05,100,완료,423
E00024,L0004,C029,2026-02-02,2026-02-02,,70,진행중,555
E00025,L0021,C044,2025-07-04,,,0,미시작,123
E00026,L0008,C003,2025-07-19,2025-07-19,,43,진행중,197
E00027,L0094,C011,2025-06-18,2025-06-18,,81,중단,198
E00028,L0141,C022,2025-06-23,2025-06-23,2025-07-20,100,완료,7
E00029,L0160,C027,2025-12-25,2025-12-25,,85,중단,230
E00030,L0084,C010,2025-12-02,2025-12-02,,62,진행중,422
E00031,L0035,C038,2025-08-24,2025-08-24,,96,진행중,195
E00032,L0176,C006,2026-03-26,2026-03-26,,53,중단,123
E00033,L0142,C004,2025-10-23,2025-10-23,2025-10-29,100,완료,21
E00034,L0133,C028,2026-01-06,2026-01-06,,83,진행중,131
E00035,L0161,C049,2026-05-28,,,0,미시작,185
E00036,L0050,C021,2026-05-18,2026-05-18,,80,중단,355
E00037,L0172,C008,2026-04-04,2026-04-04,,60,진행중,180
E00038,L0058,C011,2026-02-20,,,0,미시작,230
E00039,L0044,C014,2026-01-11,,,0,미시작,140
E00040,L0010,C018,2026-02-09,2026-02-09,,58,중단,72
E00041,L0037,C014,2026-03-08,2026-03-08,2026-04-25,100,완료,174
E00042,L0074,C024,2026-04-15,,,0,미시작,463
E00043,L0191,C030,2026-05-05,2026-05-05,2026-05-10,100,완료,7
E00044,L0161,C049,2025-06-23,2025-06-23,2025-07-04,100,완료,155
E00045,L0068,C026,2025-07-13,2025-07-13,,14,진행중,486
E00046,L0193,C032,2025-08-05,2025-08-05,,35,진행중,33
E00047,L0076,C034,2025-06-21,2025-06-21,,65,진행중,35
E00048,L0192,C031,2025-10-05,2025-10-05,,13,진행중,87
E00049,L0154,C016,2025-09-26,2025-09-26,2025-09-26,100,완료,15
E00050,L0148,C046,2025-09-09,2025-09-09,,52,진행중,228
E00051,L0049,C044,2025-09-11,2025-09-11,2025-11-09,100,완료,369
E00052,L0198,C029,2025-12-13,2025-12-13,2026-01-14,100,완료,446
E00053,L0059,C040,2026-02-26,2026-02-26,2026-03-23,100,완료,189
E00054,L0118,C014,2026-02-09,2026-02-09,,15,진행중,97
E00055,L0123,C034,2025-11-27,2025-11-27,2025-12-10,100,완료,7
E00056,L0085,C004,2025-10-07,2025-10-07,2025-11-09,100,완료,242
E00057,L0109,C026,2025-07-20,2025-07-20,,85,진행중,572
E00058,L0002,C013,2025-10-12,2025-10-12,,45,중단,47
E00059,L0198,C005,2025-08-05,2025-08-05,2025-09-10,100,완료,48
E00060,L0155,C024,2025-12-07,2025-12-07,2026-01-22,100,완료,433
E00061,L0148,C005,2026-02-19,2026-02-19,2026-03-01,100,완료,96
E00062,L0094,C031,2025-07-05,2025-07-05,2025-07-28,100,완료,703
E00063,L0128,C024,2026-03-30,2026-03-30,,27,중단,514
E00064,L0164,C039,2025-08-03,2025-08-03,2025-08-08,100,완료,231
E00065,L0100,C031,2025-11-08,,,0,미시작,87
E00066,L0046,C030,2026-03-09,2026-03-09,,19,진행중,368
E00067,L0129,C010,2026-03-02,,,0,미시작,214
E00068,L0139,C042,2025-12-13,2025-12-13,2025-12-14,100,완료,78
E00069,L0113,C022,2025-06-16,2025-06-16,2025-06-22,100,완료,112
E00070,L0004,C040,2025-07-17,2025-07-17,2025-08-23,100,완료,8
E00071,L0109,C048,2026-04-21,2026-04-21,2026-04-30,100,완료,521
E00072,L0090,C020,2025-07-11,2025-07-11,,78,중단,91
E00073,L0079,C030,2025-11-11,2025-11-11,2025-11-24,100,완료,220
E00074,L0029,C012,2025-08-09,2025-08-09,,18,진행중,354
E00075,L0162,C044,2026-02-04,2026-02-04,2026-04-02,100,완료,375
E00076,L0045,C042,2025-11-17,2025-11-17,2025-12-16,100,완료,106
E00077,L0178,C005,2026-01-22,2026-01-22,,71,진행중,124
E00078,L0111,C015,2026-01-16,2026-01-16,,19,진행중,262
E00079,L0200,C017,2026-03-27,2026-03-27,,33,진행중,262
E00080,L0195,C046,2025-07-22,2025-07-22,,47,진행중,120
E00081,L0172,C038,2025-12-30,2025-12-30,2026-01-21,100,완료,141
E00082,L0005,C007,2026-02-07,,,0,미시작,70
E00083,L0096,C036,2026-05-08,2026-05-08,2026-05-27,100,완료,33
E00084,L0041,C049,2026-03-15,2026-03-15,,39,진행중,187
E00085,L0118,C050,2026-05-09,2026-05-09,2026-05-16,100,완료,553
E00086,L0169,C030,2025-10-02,2025-10-02,,45,진행중,153
E00087,L0178,C019,2025-09-15,2025-09-15,,47,진행중,0
E00088,L0066,C012,2026-03-18,2026-03-18,2026-04-13,100,완료,271
E00089,L0060,C027,2025-08-31,2025-08-31,,65,중단,179
E00090,L0001,C045,2025-09-13,,,0,미시작,34
E00091,L0042,C013,2026-05-05,2026-05-05,,44,진행중,37
E00092,L0012,C042,2025-08-05,2025-08-05,2025-08-07,100,완료,60
E00093,L0152,C042,2025-12-29,2025-12-29,2025-12-31,100,완료,96
E00094,L0147,C039,2026-01-09,2026-01-09,,40,진행중,244
E00095,L0076,C007,2025-12-29,2025-12-29,,87,중단,77
E00096,L0043,C016,2026-03-27,2026-03-27,2026-04-14,100,완료,189
E00097,L0057,C036,2026-05-14,2026-05-14,2026-07-09,100,완료,20
E00098,L0037,C036,2025-12-22,2025-12-22,2026-01-10,100,완료,115
E00099,L0031,C041,2025-12-12,2025-12-12,,86,진행중,94
E00100,L0125,C035,2026-05-25,2026-05-25,,98,진행중,5
E00101,L0166,C018,2025-10-24,2025-10-24,,60,중단,65
E00102,L0009,C009,2026-05-11,2026-05-11,2026-06-17,100,완료,127
E00103,L0127,C010,2025-09-20,2025-09-20,,80,중단,390
E00104,L0174,C014,2025-10-25,2025-10-25,2025-11-18,100,완료,230
E00105,L0165,C035,2026-05-07,2026-05-07,2026-07-03,100,완료,107
E00106,L0071,C014,2025-09-21,,,0,미시작,205
E00107,L0117,C018,2025-07-01,2025-07-01,,79,진행중,106
E00108,L0108,C020,2026-03-13,2026-03-13,2026-03-15,100,완료,119
E00109,L0134,C046,2025-12-07,2025-12-07,2025-12-24,100,완료,156
E00110,L0015,C006,2026-03-29,2026-03-29,,67,진행중,94
E00111,L0156,C042,2025-07-04,2025-07-04,,15,진행중,72
E00112,L0188,C029,2025-07-06,2025-07-06,2025-08-08,100,완료,32
E00113,L0102,C019,2025-07-18,2025-07-18,,51,진행중,155
E00114,L0129,C023,2025-11-05,2025-11-05,2026-01-02,100,완료,236
E00115,L0162,C017,2025-08-10,2025-08-10,,91,진행중,0
E00116,L0195,C050,2026-03-02,2026-03-02,,20,진행중,1
E00117,L0136,C039,2025-07-26,2025-07-26,,96,진행중,95
E00118,L0026,C028,2025-10-26,2025-10-26,,48,진행중,355
E00119,L0083,C038,2026-05-26,2026-05-26,2026-06-26,100,완료,297
E00120,L0104,C004,2026-02-26,2026-02-26,,27,중단,333
E00121,L0056,C044,2025-10-18,2025-10-18,2025-12-09,100,완료,366
E00122,L0024,C046,2026-01-02,2026-01-02,,43,진행중,120
E00123,L0164,C004,2026-03-06,2026-03-06,,10,진행중,127
E00124,L0039,C004,2025-12-27,2025-12-27,2026-02-08,100,완료,30
E00125,L0067,C020,2025-08-12,2025-08-12,,41,중단,79
E00126,L0015,C012,2025-06-16,2025-06-16,2025-08-03,100,완료,48
E00127,L0154,C018,2025-09-16,2025-09-16,,76,중단,107
E00128,L0187,C035,2025-10-21,2025-10-21,,78,진행중,57
E00129,L0162,C042,2025-08-07,2025-08-07,2025-08-17,100,완료,109
E00130,L0170,C001,2025-12-24,2025-12-24,2026-01-27,100,완료,116
E00131,L0064,C014,2025-09-23,2025-09-23,,95,진행중,48
E00132,L0081,C001,2026-04-08,2026-04-08,,69,진행중,129
E00133,L0095,C027,2026-05-26,2026-05-26,2026-07-11,100,완료,268
E00134,L0160,C049,2025-06-11,2025-06-11,,49,진행중,340
E00135,L0129,C005,2026-05-29,2026-05-29,2026-07-06,100,완료,46
E00136,L0181,C047,2025-07-25,2025-07-25,,79,진행중,342
E00137,L0171,C008,2025-08-25,2025-08-25,2025-09-25,100,완료,108
E00138,L0126,C035,2026-04-19,2026-04-19,2026-04-19,100,완료,47
E00139,L0141,C038,2026-05-26,2026-05-26,,61,진행중,35
E00140,L0174,C047,2025-07-22,2025-07-22,,84,진행중,598
E00141,L0197,C002,2025-10-07,2025-10-07,,95,진행중,147
E00142,L0009,C043,2026-03-01,2026-03-01,,97,진행중,168
E00143,L0110,C038,2025-09-20,2025-09-20,,49,진행중,232
E00144,L0072,C023,2026-03-04,2026-03-04,2026-03-18,100,완료,361
E00145,L0096,C041,2026-02-18,2026-02-18,2026-03-08,100,완료,4
E00146,L0126,C043,2026-01-31,2026-01-31,,42,진행중,135
E00147,L0040,C004,2025-10-24,2025-10-24,,70,진행중,345
E00148,L0017,C035,2025-12-23,2025-12-23,,62,중단,103
E00149,L0100,C012,2026-02-19,2026-02-19,,30,진행중,187
E00150,L0130,C021,2025-07-03,,,0,미시작,40
E00151,L0193,C001,2025-10-01,2025-10-01,2025-10-08,100,완료,164
E00152,L0021,C033,2026-04-29,2026-04-29,,20,진행중,161
E00153,L0102,C025,2026-03-23,2026-03-23,2026-05-19,100,완료,257
E00154,L0034,C026,2025-08-26,2025-08-26,2025-09-18,100,완료,125
E00155,L0160,C023,2026-03-03,2026-03-03,2026-04-27,100,완료,148
E00156,L0162,C020,2025-08-14,2025-08-14,,29,중단,6
E00157,L0194,C036,2025-06-21,2025-06-21,,80,중단,89
E00158,L0175,C034,2025-10-02,2025-10-02,2025-10-03,100,완료,101
E00159,L0088,C025,2025-08-06,2025-08-06,,84,진행중,572
E00160,L0079,C020,2025-07-04,2025-07-04,,28,진행중,38
E00161,L0090,C017,2026-05-22,2026-05-22,2026-07-16,100,완료,458
E00162,L0096,C044,2025-07-12,2025-07-12,,34,진행중,430
E00163,L0097,C033,2026-04-26,2026-04-26,2026-05-25,100,완료,12
E00164,L0095,C030,2026-04-09,2026-04-09,2026-05-26,100,완료,142
E00165,L0008,C045,2026-04-26,,,0,미시작,86
E00166,L0010,C024,2025-08-05,2025-08-05,2025-09-19,100,완료,440
E00167,L0012,C006,2025-07-18,2025-07-18,2025-07-25,100,완료,85
E00168,L0085,C023,2025-07-04,,,0,미시작,451
E00169,L0064,C027,2026-04-15,2026-04-15,,47,진행중,181
E00170,L0149,C048,2025-08-29,2025-08-29,2025-09-22,100,완료,320
E00171,L0123,C032,2025-08-27,2025-08-27,2025-09-01,100,완료,304
E00172,L0193,C034,2026-04-03,,,0,미시작,30
E00173,L0114,C009,2026-02-08,2026-02-08,2026-02-10,100,완료,440
E00174,L0038,C019,2026-03-07,2026-03-07,2026-04-23,100,완료,107
E00175,L0076,C016,2026-02-22,2026-02-22,2026-03-26,100,완료,6
E00176,L0183,C033,2026-06-01,2026-06-01,,39,진행중,216
E00177,L0040,C045,2025-09-15,,,0,미시작,3
E00178,L0120,C040,2025-10-02,2025-10-02,2025-11-06,100,완료,133
E00179,L0018,C039,2025-10-02,2025-10-02,,93,진행중,309
E00180,L0019,C035,2025-12-29,2025-12-29,2026-01-06,100,완료,85
E00181,L0049,C046,2025-09-12,2025-09-12,,23,진행중,89
E00182,L0086,C035,2025-07-16,2025-07-16,2025-08-08,100,완료,59
E00183,L0052,C045,2025-12-29,2025-12-29,,30,중단,95
E00184,L0001,C042,2026-05-24,2026-05-24,2026-07-04,100,완료,57
E00185,L0119,C024,2025-12-23,2025-12-23,2026-01-17,100,완료,92
E00186,L0186,C041,2025-12-12,2025-12-12,2025-12-17,100,완료,41
E00187,L0070,C047,2026-04-19,2026-04-19,2026-06-15,100,완료,351
E00188,L0140,C040,2026-01-01,,,0,미시작,1
E00189,L0119,C014,2025-09-19,2025-09-19,,24,진행중,18
E00190,L0188,C025,2025-07-12,2025-07-12,2025-09-06,100,완료,481
E00191,L0093,C004,2025-10-28,2025-10-28,,85,진행중,32
E00192,L0193,C039,2025-11-25,2025-11-25,,42,진행중,93
E00193,L0096,C013,2026-01-16,2026-01-16,2026-01-22,100,완료,12
E00194,L0028,C044,2025-10-18,2025-10-18,2025-10-20,100,완료,176
E00195,L0094,C020,2025-10-16,2025-10-16,,92,진행중,24
E00196,L0145,C010,2026-02-08,2026-02-08,2026-04-02,100,완료,383
E00197,L0012,C036,2025-11-07,2025-11-07,,61,진행중,76
E00198,L0018,C020,2026-02-05,2026-02-05,2026-03-15,100,완료,105
E00199,L0084,C042,2025-09-06,2025-09-06,2025-09-13,100,완료,77
E00200,L0011,C048,2025-09-20,2025-09-20,,72,중단,191
E00201,L0063,C023,2026-01-16,2026-01-16,,41,중단,351
E00202,L0006,C024,2025-06-11,,,0,미시작,138
E00203,L0019,C029,2026-06-10,2026-06-10,,70,진행중,246
E00204,L0156,C041,2026-05-19,2026-05-19,2026-06-02,100,완료,49
E00205,L0099,C023,2025-08-15,,,0,미시작,420
E00206,L0039,C047,2025-11-24,2025-11-24,2026-01-07,100,완료,474
E00207,L0103,C018,2025-12-06,2025-12-06,2025-12-17,100,완료,118
E00208,L0041,C028,2025-11-17,2025-11-17,2025-12-31,100,완료,188
E00209,L0106,C045,2025-12-04,,,0,미시작,26
E00210,L0075,C006,2026-01-04,2026-01-04,,22,진행중,224
E00211,L0137,C019,2025-09-12,,,0,미시작,59
E00212,L0064,C039,2025-06-21,2025-06-21,2025-07-19,100,완료,253
E00213,L0192,C021,2025-10-06,2025-10-06,2025-12-01,100,완료,253
E00214,L0132,C003,2026-01-15,2026-01-15,2026-03-15,100,완료,324
E00215,L0158,C027,2026-04-15,2026-04-15,2026-05-31,100,완료,139
E00216,L0125,C034,2025-07-01,2025-07-01,2025-07-10,100,완료,104
E00217,L0008,C009,2025-11-24,2025-11-24,2025-12-18,100,완료,555
E00218,L0043,C034,2026-05-15,2026-05-15,,43,진행중,102
E00219,L0144,C020,2026-02-27,2026-02-27,2026-03-11,100,완료,50
E00220,L0027,C033,2025-10-01,2025-10-01,2025-11-09,100,완료,166
E00221,L0193,C018,2025-10-17,2025-10-17,2025-11-08,100,완료,116
E00222,L0079,C014,2025-08-27,2025-08-27,,66,진행중,5
E00223,L0169,C024,2026-05-07,2026-05-07,2026-06-22,100,완료,460
E00224,L0176,C020,2026-04-04,2026-04-04,2026-05-30,100,완료,66
E00225,L0070,C014,2025-12-29,2025-12-29,2026-01-04,100,완료,79
E00226,L0006,C016,2025-11-12,2025-11-12,2025-12-17,100,완료,41
E00227,L0129,C017,2026-03-02,2026-03-02,2026-04-15,100,완료,191
E00228,L0006,C042,2026-01-23,2026-01-23,2026-02-01,100,완료,113
E00229,L0071,C024,2026-04-17,2026-04-17,2026-05-05,100,완료,296
E00230,L0076,C041,2026-03-30,2026-03-30,,21,중단,4
E00231,L0053,C023,2025-12-20,2025-12-20,,78,중단,249
E00232,L0090,C037,2026-05-31,2026-05-31,2026-07-15,100,완료,333
E00233,L0167,C027,2025-11-15,2025-11-15,2025-12-23,100,완료,71
E00234,L0057,C012,2026-03-28,2026-03-28,2026-05-22,100,완료,254
E00235,L0091,C014,2025-09-06,2025-09-06,2025-10-12,100,완료,208
E00236,L0047,C041,2026-05-17,2026-05-17,,64,진행중,101
E00237,L0179,C034,2025-07-30,2025-07-30,2025-08-17,100,완료,34
E00238,L0025,C046,2025-08-12,2025-08-12,,98,진행중,193
E00239,L0057,C027,2026-03-13,2026-03-13,2026-05-11,100,완료,138
E00240,L0056,C001,2025-06-16,2025-06-16,2025-07-29,100,완료,32
E00241,L0026,C014,2025-12-28,,,0,미시작,212
E00242,L0032,C045,2025-12-06,2025-12-06,2025-12-24,100,완료,12
E00243,L0180,C002,2025-11-07,2025-11-07,,54,중단,205
E00244,L0106,C043,2025-07-27,2025-07-27,2025-09-04,100,완료,2
E00245,L0052,C015,2026-05-27,2026-05-27,2026-06-16,100,완료,99
E00246,L0085,C040,2026-04-27,,,0,미시작,169
E00247,L0134,C017,2026-04-03,2026-04-03,2026-05-30,100,완료,457
E00248,L0178,C038,2025-11-21,2025-11-21,2025-12-20,100,완료,227
E00249,L0057,C038,2025-07-27,2025-07-27,,15,진행중,412
E00250,L0098,C004,2026-06-06,2026-06-06,,95,진행중,192
E00251,L0060,C049,2025-09-18,2025-09-18,,14,중단,354
E00252,L0044,C011,2025-07-02,2025-07-02,,52,중단,231
E00253,L0143,C042,2026-01-27,2026-01-27,,67,진행중,27
E00254,L0009,C006,2026-01-17,2026-01-17,2026-02-15,100,완료,199
E00255,L0122,C030,2025-08-26,2025-08-26,,64,중단,376
E00256,L0029,C049,2025-10-03,2025-10-03,,68,진행중,309
E00257,L0144,C018,2025-08-31,2025-08-31,2025-09-28,100,완료,104
E00258,L0017,C003,2025-06-24,2025-06-24,,72,진행중,1
E00259,L0183,C015,2026-03-09,2026-03-09,,62,중단,632
E00260,L0103,C010,2025-09-21,2025-09-21,2025-09-26,100,완료,308
E00261,L0162,C021,2026-04-16,2026-04-16,2026-05-01,100,완료,463
E00262,L0198,C007,2025-11-06,2025-11-06,,30,중단,60
E00263,L0157,C026,2026-03-06,2026-03-06,,32,중단,176
E00264,L0102,C003,2025-07-05,2025-07-05,,87,진행중,243
E00265,L0162,C017,2025-10-07,2025-10-07,,36,진행중,57
E00266,L0112,C038,2025-10-17,2025-10-17,,46,중단,257
E00267,L0119,C050,2025-09-27,2025-09-27,,65,진행중,228
E00268,L0107,C049,2025-11-30,2025-11-30,,59,진행중,223
E00269,L0113,C003,2025-12-24,2025-12-24,,42,중단,387
E00270,L0137,C002,2026-05-24,2026-05-24,,13,중단,2
E00271,L0032,C008,2026-01-02,,,0,미시작,402
E00272,L0097,C021,2025-10-07,2025-10-07,2025-11-04,100,완료,314
E00273,L0026,C008,2025-08-29,,,0,미시작,253
E00274,L0054,C021,2025-08-27,2025-08-27,2025-09-20,100,완료,36
E00275,L0061,C043,2026-03-25,2026-03-25,,85,진행중,30
E00276,L0132,C048,2026-01-05,2026-01-05,2026-01-23,100,완료,283
E00277,L0143,C023,2026-04-20,2026-04-20,2026-04-30,100,완료,142
E00278,L0013,C050,2026-03-22,2026-03-22,,68,진행중,236
E00279,L0163,C026,2025-06-29,2025-06-29,2025-07-26,100,완료,448
E00280,L0173,C017,2025-11-19,2025-11-19,2025-11-26,100,완료,182
E00281,L0176,C006,2025-09-08,2025-09-08,,21,진행중,239
E00282,L0136,C049,2026-03-03,2026-03-03,2026-04-05,100,완료,221
E00283,L0125,C035,2025-08-29,2025-08-29,2025-10-14,100,완료,30
E00284,L0022,C010,2026-05-15,2026-05-15,2026-06-05,100,완료,242
E00285,L0114,C005,2025-08-29,2025-08-29,,18,진행중,21
E00286,L0074,C001,2025-06-14,2025-06-14,2025-06-29,100,완료,50
E00287,L0164,C042,2025-12-03,2025-12-03,2025-12-25,100,완료,0
E00288,L0017,C003,2025-09-27,2025-09-27,2025-11-25,100,완료,309
E00289,L0118,C040,2025-07-21,2025-07-21,2025-09-02,100,완료,206
E00290,L0192,C043,2026-05-16,2026-05-16,,21,중단,286
E00291,L0182,C039,2025-07-03,2025-07-03,2025-08-03,100,완료,35
E00292,L0071,C003,2025-10-29,2025-10-29,2025-11-21,100,완료,347
E00293,L0105,C029,2026-01-20,2026-01-20,2026-01-22,100,완료,364
E00294,L0174,C043,2026-03-08,2026-03-08,2026-03-12,100,완료,46
E00295,L0125,C046,2026-05-01,2026-05-01,,77,진행중,194
E00296,L0172,C026,2025-06-16,2025-06-16,2025-06-21,100,완료,27
E00297,L0156,C011,2026-04-12,2026-04-12,,16,진행중,157
E00298,L0126,C048,2026-04-26,2026-04-26,2026-05-28,100,완료,73
E00299,L0149,C044,2026-01-23,2026-01-23,2026-02-27,100,완료,467
E00300,L0118,C044,2026-02-15,,,0,미시작,103
E00301,L0130,C034,2026-03-05,2026-03-05,2026-03-14,100,완료,91
E00302,L0155,C017,2025-09-20,2025-09-20,2025-09-29,100,완료,446
E00303,L0158,C018,2025-12-18,2025-12-18,,71,진행중,62
E00304,L0073,C026,2026-04-25,2026-04-25,2026-06-13,100,완료,302
E00305,L0135,C034,2026-03-20,2026-03-20,2026-05-10,100,완료,97
E00306,L0065,C017,2025-08-05,2025-08-05,,92,진행중,391
E00307,L0112,C020,2026-04-15,2026-04-15,2026-05-26,100,완료,84
E00308,L0003,C042,2025-09-06,2025-09-06,2025-10-14,100,완료,52
E00309,L0163,C046,2026-05-15,2026-05-15,,74,진행중,229
E00310,L0188,C018,2026-03-20,2026-03-20,,55,진행중,11
E00311,L0183,C047,2025-07-11,2025-07-11,,23,진행중,520
E00312,L0050,C007,2026-02-25,2026-02-25,,28,진행중,7
E00313,L0187,C017,2026-05-19,2026-05-19,,84,진행중,134
E00314,L0069,C014,2026-01-23,2026-01-23,2026-03-08,100,완료,93
E00315,L0151,C006,2026-05-04,2026-05-04,,86,중단,166
E00316,L0136,C016,2025-07-11,2025-07-11,,33,중단,76
E00317,L0164,C030,2026-01-30,2026-01-30,,33,중단,297
E00318,L0044,C036,2026-04-25,2026-04-25,2026-04-28,100,완료,8
E00319,L0107,C022,2026-03-04,2026-03-04,2026-04-15,100,완료,64
E00320,L0106,C003,2025-11-17,2025-11-17,,94,진행중,91
E00321,L0046,C018,2026-02-25,2026-02-25,2026-04-01,100,완료,68
E00322,L0099,C013,2026-04-05,2026-04-05,,78,진행중,12
E00323,L0163,C006,2026-03-30,2026-03-30,2026-05-28,100,완료,1
E00324,L0199,C035,2026-05-06,2026-05-06,,47,진행중,99
E00325,L0144,C025,2025-11-10,2025-11-10,,17,진행중,202
E00326,L0197,C016,2025-09-05,2025-09-05,,70,진행중,75
E00327,L0046,C032,2025-08-10,2025-08-10,2025-09-01,100,완료,277
E00328,L0072,C004,2026-01-15,2026-01-15,2026-02-20,100,완료,83
E00329,L0013,C002,2025-12-20,,,0,미시작,164
E00330,L0101,C033,2026-02-02,2026-02-02,2026-02-10,100,완료,28
E00331,L0130,C049,2025-10-15,,,0,미시작,39
E00332,L0153,C003,2026-01-16,2026-01-16,,38,진행중,215
E00333,L0135,C015,2025-09-13,2025-09-13,,40,중단,384
E00334,L0019,C035,2025-12-25,2025-12-25,,72,중단,92
E00335,L0015,C009,2026-03-30,2026-03-30,2026-04-03,100,완료,258
E00336,L0123,C035,2025-10-26,2025-10-26,2025-12-12,100,완료,54
E00337,L0017,C021,2025-06-27,2025-06-27,,60,진행중,415
E00338,L0005,C024,2025-06-25,2025-06-25,2025-07-29,100,완료,418
E00339,L0108,C042,2026-03-19,2026-03-19,,74,진행중,31
E00340,L0141,C034,2026-05-14,,,0,미시작,80
E00341,L0033,C045,2025-06-19,2025-06-19,2025-08-05,100,완료,73
E00342,L0073,C049,2025-10-29,2025-10-29,2025-12-15,100,완료,256
E00343,L0182,C019,2026-04-27,2026-04-27,,81,진행중,119
E00344,L0117,C046,2025-06-15,2025-06-15,,13,진행중,168
E00345,L0124,C014,2025-09-16,2025-09-16,,43,중단,79
E00346,L0080,C018,2025-06-14,2025-06-14,,85,진행중,26
E00347,L0038,C050,2026-04-01,2026-04-01,2026-04-04,100,완료,28
E00348,L0189,C030,2025-12-18,2025-12-18,2026-02-04,100,완료,185
E00349,L0117,C015,2026-02-22,2026-02-22,,65,진행중,452
E00350,L0152,C001,2025-07-16,2025-07-16,2025-07-20,100,완료,235
E00351,L0110,C029,2026-06-04,2026-06-04,2026-06-11,100,완료,220
E00352,L0119,C050,2026-04-14,2026-04-14,,48,중단,443
E00353,L0115,C007,2025-08-26,2025-08-26,,22,중단,109
E00354,L0109,C002,2026-02-25,2026-02-25,,65,진행중,215
E00355,L0136,C049,2025-10-14,2025-10-14,2025-12-01,100,완료,353
E00356,L0034,C050,2026-03-02,2026-03-02,2026-04-26,100,완료,414
E00357,L0194,C027,2026-04-20,2026-04-20,2026-05-14,100,완료,55
E00358,L0040,C045,2025-12-19,2025-12-19,2026-01-20,100,완료,41
E00359,L0133,C016,2025-10-28,2025-10-28,,25,진행중,175
E00360,L0196,C008,2026-02-22,,,0,미시작,471
E00361,L0149,C019,2026-05-07,2026-05-07,,60,진행중,230
E00362,L0076,C037,2025-08-24,,,0,미시작,241
E00363,L0127,C042,2026-01-21,2026-01-21,2026-02-18,100,완료,74
E00364,L0184,C041,2026-04-22,2026-04-22,,10,중단,88
E00365,L0098,C043,2026-06-05,2026-06-05,2026-07-12,100,완료,281
E00366,L0114,C038,2026-03-04,2026-03-04,2026-03-29,100,완료,347
E00367,L0042,C035,2026-01-31,2026-01-31,2026-03-10,100,완료,24
E00368,L0189,C035,2026-05-14,2026-05-14,,65,진행중,91
E00369,L0002,C038,2026-04-27,2026-04-27,2026-05-10,100,완료,423
E00370,L0053,C041,2025-07-25,2025-07-25,,31,진행중,26
E00371,L0080,C022,2026-05-08,2026-05-08,,38,진행중,18
E00372,L0195,C017,2025-12-02,,,0,미시작,380
E00373,L0131,C044,2025-07-12,2025-07-12,,79,중단,434
E00374,L0197,C030,2025-10-12,,,0,미시작,129
E00375,L0188,C046,2025-08-26,2025-08-26,,62,진행중,143
E00376,L0122,C009,2025-07-19,2025-07-19,2025-07-29,100,완료,486
E00377,L0139,C049,2025-11-12,,,0,미시작,71
E00378,L0106,C046,2025-12-19,2025-12-19,2026-01-05,100,완료,233
E00379,L0124,C043,2026-03-14,2026-03-14,2026-04-13,100,완료,221
E00380,L0041,C009,2026-03-15,2026-03-15,2026-05-07,100,완료,522
E00381,L0089,C028,2025-11-24,2025-11-24,2026-01-22,100,완료,211
E00382,L0111,C050,2026-03-28,2026-03-28,,38,중단,438
E00383,L0063,C022,2025-09-18,2025-09-18,2025-10-17,100,완료,5
E00384,L0054,C002,2026-06-08,2026-06-08,2026-06-29,100,완료,149
E00385,L0104,C022,2025-06-29,2025-06-29,2025-08-06,100,완료,12
E00386,L0195,C019,2026-04-23,2026-04-23,,22,진행중,82
E00387,L0087,C048,2025-10-13,2025-10-13,2025-10-29,100,완료,294
E00388,L0083,C043,2025-12-02,2025-12-02,,64,진행중,35
E00389,L0162,C009,2026-02-10,2026-02-10,2026-03-06,100,완료,300
E00390,L0023,C048,2025-08-30,2025-08-30,2025-09-14,100,완료,455
E00391,L0041,C013,2026-05-10,,,0,미시작,95
E00392,L0160,C008,2026-03-12,2026-03-12,,77,진행중,198
E00393,L0146,C011,2025-09-24,2025-09-24,,32,진행중,344
E00394,L0159,C022,2026-02-27,2026-02-27,2026-03-14,100,완료,21
E00395,L0147,C043,2025-06-25,,,0,미시작,30
E00396,L0125,C018,2026-05-09,2026-05-09,2026-05-22,100,완료,69
E00397,L0160,C049,2025-08-27,2025-08-27,2025-09-10,100,완료,279
E00398,L0151,C010,2025-06-23,2025-06-23,,49,중단,177
E00399,L0028,C006,2026-04-17,,,0,미시작,180
E00400,L0075,C031,2025-08-15,2025-08-15,2025-09-24,100,완료,55
E00401,L0043,C038,2025-09-20,,,0,미시작,322
E00402,L0161,C015,2025-10-15,2025-10-15,,85,중단,158
E00403,L0081,C019,2026-03-13,2026-03-13,,85,중단,19
E00404,L0006,C023,2025-08-11,2025-08-11,,81,진행중,270
E00405,L0061,C039,2025-12-05,2025-12-05,2026-01-22,100,완료,305
E00406,L0107,C031,2025-08-18,2025-08-18,,47,진행중,367
E00407,L0070,C018,2026-03-01,2026-03-01,2026-03-17,100,완료,73
E00408,L0012,C004,2025-08-21,2025-08-21,2025-09-04,100,완료,8
E00409,L0134,C026,2025-06-19,2025-06-19,2025-08-05,100,완료,587
E00410,L0154,C028,2026-01-24,2026-01-24,2026-03-13,100,완료,13
E00411,L0004,C011,2025-09-24,2025-09-24,2025-10-09,100,완료,165
E00412,L0157,C040,2025-09-05,,,0,미시작,224
E00413,L0172,C010,2025-12-16,2025-12-16,2026-02-13,100,완료,428
E00414,L0103,C010,2026-02-08,2026-02-08,,44,중단,309
E00415,L0082,C027,2025-07-30,2025-07-30,2025-09-09,100,완료,66
E00416,L0171,C050,2026-04-14,2026-04-14,,16,진행중,384
E00417,L0008,C045,2025-10-07,2025-10-07,2025-11-18,100,완료,45
E00418,L0172,C004,2026-02-03,2026-02-03,2026-02-25,100,완료,289
E00419,L0102,C038,2026-02-01,2026-02-01,2026-03-07,100,완료,276
E00420,L0171,C045,2026-06-01,2026-06-01,2026-07-03,100,완료,23
E00421,L0029,C018,2025-10-13,2025-10-13,2025-11-24,100,완료,13
E00422,L0009,C049,2025-09-03,2025-09-03,,88,중단,187
E00423,L0102,C028,2026-01-29,2026-01-29,2026-02-28,100,완료,127
E00424,L0040,C027,2026-04-22,2026-04-22,,57,진행중,193
E00425,L0136,C039,2026-06-08,2026-06-08,,88,진행중,214
E00426,L0037,C049,2025-12-25,2025-12-25,2026-01-18,100,완료,312
E00427,L0174,C021,2025-11-05,2025-11-05,,76,중단,478
E00428,L0084,C009,2026-04-06,2026-04-06,2026-05-08,100,완료,61
E00429,L0018,C002,2026-03-29,2026-03-29,2026-04-12,100,완료,71
E00430,L0175,C025,2026-02-09,2026-02-09,2026-02-10,100,완료,361
E00431,L0198,C028,2025-06-15,2025-06-15,,16,진행중,217
E00432,L0089,C020,2026-01-03,2026-01-03,,17,진행중,3
E00433,L0069,C002,2025-08-13,,,0,미시작,191
E00434,L0082,C047,2026-01-04,,,0,미시작,342
E00435,L0184,C005,2026-02-23,2026-02-23,2026-04-03,100,완료,153
E00436,L0044,C017,2026-04-23,2026-04-23,2026-04-24,100,완료,406
E00437,L0025,C042,2026-04-19,2026-04-19,,78,진행중,31
E00438,L0023,C024,2025-12-06,2025-12-06,,49,진행중,481
E00439,L0038,C011,2026-01-29,2026-01-29,2026-03-12,100,완료,213
E00440,L0128,C003,2025-06-24,2025-06-24,,84,진행중,80
E00441,L0005,C037,2026-03-27,2026-03-27,,42,중단,134
E00442,L0052,C007,2025-12-13,2025-12-13,,36,진행중,17
E00443,L0090,C001,2025-07-10,2025-07-10,2025-08-20,100,완료,46
E00444,L0135,C010,2025-12-20,2025-12-20,2026-01-22,100,완료,340
E00445,L0025,C041,2025-11-23,2025-11-23,,14,진행중,3
E00446,L0167,C039,2026-02-10,2026-02-10,2026-03-19,100,완료,144
E00447,L0067,C018,2025-06-30,2025-06-30,2025-08-20,100,완료,84
E00448,L0115,C036,2025-11-20,2025-11-20,2026-01-10,100,완료,74
E00449,L0044,C038,2025-11-11,2025-11-11,,32,진행중,416
E00450,L0136,C016,2026-02-27,2026-02-27,2026-03-26,100,완료,212
E00451,L0074,C032,2025-07-31,2025-07-31,2025-09-15,100,완료,184
E00452,L0144,C022,2025-10-22,2025-10-22,,52,진행중,54
E00453,L0179,C048,2025-08-16,,,0,미시작,585
E00454,L0138,C042,2026-05-30,2026-05-30,,61,진행중,104
E00455,L0154,C049,2025-11-05,2025-11-05,2025-11-21,100,완료,323
E00456,L0002,C049,2026-05-13,2026-05-13,,75,진행중,101
E00457,L0104,C036,2026-03-01,2026-03-01,2026-04-11,100,완료,51
E00458,L0011,C011,2025-10-03,2025-10-03,,49,진행중,305
E00459,L0169,C023,2025-11-29,2025-11-29,2025-12-21,100,완료,173
E00460,L0166,C047,2025-07-27,2025-07-27,2025-07-28,100,완료,178
E00461,L0112,C002,2025-11-02,2025-11-02,2025-12-27,100,완료,116
E00462,L0107,C044,2025-10-16,2025-10-16,,14,진행중,318
E00463,L0004,C028,2025-07-02,2025-07-02,,34,진행중,253
E00464,L0084,C005,2026-02-03,,,0,미시작,140
E00465,L0143,C034,2026-02-04,2026-02-04,2026-03-19,100,완료,93
E00466,L0112,C014,2025-11-30,2025-11-30,,61,진행중,21
E00467,L0120,C049,2025-07-24,2025-07-24,,81,중단,111
E00468,L0042,C014,2025-09-14,2025-09-14,2025-10-08,100,완료,157
E00469,L0018,C020,2026-04-06,2026-04-06,,50,중단,59
E00470,L0025,C022,2025-11-22,2025-11-22,2025-11-28,100,완료,59
E00471,L0200,C018,2026-01-06,2026-01-06,2026-01-10,100,완료,11
E00472,L0105,C013,2026-05-16,2026-05-16,2026-05-29,100,완료,29
E00473,L0014,C036,2025-10-29,2025-10-29,2025-12-24,100,완료,67
E00474,L0033,C030,2026-01-24,2026-01-24,2026-02-02,100,완료,99
E00475,L0037,C030,2025-12-31,2025-12-31,2026-01-30,100,완료,35
E00476,L0131,C031,2025-12-20,2025-12-20,2026-01-07,100,완료,346
E00477,L0055,C038,2025-11-20,2025-11-20,2025-12-14,100,완료,50
E00478,L0106,C003,2025-11-08,2025-11-08,2025-12-31,100,완료,186
E00479,L0170,C046,2026-05-01,2026-05-01,,45,진행중,207
E00480,L0136,C015,2025-10-31,2025-10-31,2025-11-14,100,완료,221
E00481,L0173,C017,2025-08-28,2025-08-28,2025-09-16,100,완료,321
E00482,L0059,C016,2026-01-06,2026-01-06,,15,진행중,41
E00483,L0029,C049,2025-11-06,2025-11-06,,91,진행중,265
E00484,L0013,C026,2025-08-13,2025-08-13,,97,진행중,87
E00485,L0169,C013,2026-04-21,,,0,미시작,57
E00486,L0117,C001,2026-02-18,2026-02-18,2026-03-16,100,완료,28
E00487,L0067,C040,2026-04-01,2026-04-01,,25,진행중,221
E00488,L0140,C002,2025-09-03,2025-09-03,,82,진행중,216
E00489,L0002,C028,2026-01-12,2026-01-12,2026-02-17,100,완료,275
E00490,L0175,C046,2025-12-06,2025-12-06,,74,진행중,135
E00491,L0141,C012,2026-01-13,2026-01-13,2026-02-15,100,완료,391
E00492,L0030,C034,2025-10-19,2025-10-19,2025-12-13,100,완료,11
E00493,L0072,C013,2025-07-30,,,0,미시작,25
E00494,L0117,C040,2025-11-03,,,0,미시작,44
E00495,L0135,C003,2026-02-01,,,0,미시작,9
E00496,L0061,C005,2025-07-27,2025-07-27,,21,중단,210
E00497,L0077,C034,2026-03-13,2026-03-13,2026-05-10,100,완료,59
E00498,L0048,C044,2025-12-19,2025-12-19,2026-02-05,100,완료,102
E00499,L0058,C046,2025-06-26,2025-06-26,,26,진행중,32
E00500,L0007,C024,2025-08-13,,,0,미시작,405
E00501,L0171,C035,2026-03-08,2026-03-08,2026-03-31,100,완료,78
E00502,L0177,C042,2026-01-18,2026-01-18,2026-01-23,100,완료,62
E00503,L0075,C043,2025-10-09,2025-10-09,,51,중단,247
E00504,L0125,C011,2025-10-03,2025-10-03,2025-11-15,100,완료,27
E00505,L0146,C048,2026-03-06,2026-03-06,2026-03-30,100,완료,344
E00506,L0149,C028,2026-04-19,,,0,미시작,293
E00507,L0101,C005,2026-05-18,2026-05-18,2026-06-18,100,완료,197
E00508,L0031,C007,2026-02-14,2026-02-14,,65,진행중,51
E00509,L0155,C011,2025-07-06,2025-07-06,2025-07-12,100,완료,219
E00510,L0057,C005,2025-06-11,2025-06-11,2025-07-24,100,완료,161
E00511,L0046,C042,2025-07-03,2025-07-03,,16,중단,60
E00512,L0079,C021,2025-10-14,2025-10-14,,61,진행중,172
E00513,L0164,C044,2026-03-06,2026-03-06,,43,진행중,209
E00514,L0051,C027,2025-07-14,2025-07-14,,91,진행중,350
E00515,L0143,C008,2026-01-31,2026-01-31,2026-02-14,100,완료,157
E00516,L0096,C008,2025-08-01,2025-08-01,,62,진행중,289
E00517,L0113,C012,2025-07-21,2025-07-21,,36,진행중,88
E00518,L0051,C043,2026-02-12,2026-02-12,2026-03-15,100,완료,65
E00519,L0072,C042,2025-06-20,,,0,미시작,110
E00520,L0113,C033,2026-04-30,2026-04-30,2026-05-01,100,완료,98
E00521,L0140,C022,2025-11-08,2025-11-08,,31,진행중,52
E00522,L0065,C029,2025-11-18,2025-11-18,,20,진행중,149
E00523,L0078,C009,2026-02-06,2026-02-06,2026-02-26,100,완료,51
E00524,L0083,C013,2025-10-07,2025-10-07,2025-10-28,100,완료,46
E00525,L0015,C045,2026-05-06,2026-05-06,,45,진행중,95
E00526,L0069,C010,2025-10-13,2025-10-13,2025-12-02,100,완료,346
E00527,L0062,C004,2025-06-21,2025-06-21,2025-06-23,100,완료,32
E00528,L0144,C021,2025-12-30,2025-12-30,2026-01-10,100,완료,515
E00529,L0189,C034,2025-09-21,2025-09-21,,88,진행중,65
E00530,L0123,C012,2026-03-27,2026-03-27,,15,진행중,249
E00531,L0193,C038,2025-06-20,2025-06-20,,20,진행중,335
E00532,L0073,C007,2026-01-28,2026-01-28,,90,진행중,73
E00533,L0170,C006,2025-07-22,2025-07-22,,17,진행중,16
E00534,L0109,C012,2025-06-22,2025-06-22,,98,진행중,515
E00535,L0144,C009,2025-11-06,,,0,미시작,73
E00536,L0137,C009,2026-05-25,2026-05-25,2026-07-06,100,완료,413
E00537,L0037,C023,2025-12-06,2025-12-06,2026-01-21,100,완료,582
E00538,L0016,C050,2026-06-08,2026-06-08,2026-07-19,100,완료,231
E00539,L0076,C010,2026-02-16,2026-02-16,,20,진행중,325
E00540,L0145,C015,2025-11-27,2025-11-27,2026-01-23,100,완료,444
E00541,L0185,C011,2026-03-19,2026-03-19,2026-04-30,100,완료,411
E00542,L0045,C035,2025-07-07,2025-07-07,,98,진행중,7
E00543,L0083,C003,2026-03-23,2026-03-23,2026-04-29,100,완료,389
E00544,L0012,C044,2025-08-09,2025-08-09,,35,진행중,188
E00545,L0105,C025,2026-04-28,2026-04-28,2026-06-15,100,완료,217
E00546,L0096,C024,2026-01-07,2026-01-07,,77,진행중,458
E00547,L0035,C044,2025-11-19,2025-11-19,,46,진행중,13
E00548,L0191,C031,2026-04-30,2026-04-30,2026-05-22,100,완료,387
E00549,L0075,C008,2025-06-14,2025-06-14,,81,진행중,449
E00550,L0016,C035,2025-06-16,,,0,미시작,100
E00551,L0115,C039,2026-06-07,2026-06-07,2026-06-08,100,완료,179
E00552,L0096,C044,2025-08-28,2025-08-28,,17,진행중,135
E00553,L0004,C030,2025-07-11,2025-07-11,2025-07-18,100,완료,207
E00554,L0092,C048,2025-10-01,2025-10-01,,25,진행중,41
E00555,L0072,C001,2025-08-06,2025-08-06,2025-08-11,100,완료,217
E00556,L0189,C044,2026-03-09,,,0,미시작,332
E00557,L0155,C047,2025-12-30,2025-12-30,2026-01-11,100,완료,130
E00558,L0077,C015,2025-09-13,2025-09-13,2025-09-26,100,완료,459
E00559,L0008,C005,2025-10-06,2025-10-06,,82,진행중,199
E00560,L0174,C013,2025-09-08,,,0,미시작,85
E00561,L0153,C024,2026-05-01,,,0,미시작,245
E00562,L0141,C022,2025-08-03,2025-08-03,2025-09-08,100,완료,5
E00563,L0103,C050,2025-11-04,2025-11-04,2025-12-27,100,완료,113
E00564,L0171,C033,2025-07-28,2025-07-28,2025-09-21,100,완료,19
E00565,L0183,C040,2026-05-11,2026-05-11,,87,중단,70
E00566,L0020,C043,2026-03-17,2026-03-17,,40,진행중,102
E00567,L0093,C010,2026-05-21,2026-05-21,2026-07-14,100,완료,248
E00568,L0165,C034,2026-04-16,2026-04-16,2026-05-31,100,완료,45
E00569,L0055,C048,2026-02-04,,,0,미시작,511
E00570,L0082,C004,2025-08-29,2025-08-29,2025-08-30,100,완료,56
E00571,L0142,C035,2026-05-30,2026-05-30,2026-06-14,100,완료,17
E00572,L0113,C008,2025-08-10,2025-08-10,,15,진행중,478
E00573,L0166,C012,2026-05-22,2026-05-22,2026-05-23,100,완료,115
E00574,L0189,C041,2025-07-04,,,0,미시작,32
E00575,L0062,C015,2026-01-23,2026-01-23,,43,중단,208
E00576,L0047,C006,2025-10-08,2025-10-08,2025-10-21,100,완료,128
E00577,L0014,C009,2026-04-20,,,0,미시작,333
E00578,L0088,C006,2025-08-18,2025-08-18,2025-10-08,100,완료,100
E00579,L0087,C026,2026-03-28,2026-03-28,2026-05-13,100,완료,246
E00580,L0188,C044,2025-10-27,2025-10-27,2025-10-29,100,완료,83
E00581,L0055,C007,2026-01-19,2026-01-19,,51,중단,97
E00582,L0149,C039,2026-01-22,2026-01-22,,72,진행중,11
E00583,L0075,C036,2025-11-11,2025-11-11,,13,진행중,87
E00584,L0098,C043,2026-04-28,2026-04-28,2026-05-03,100,완료,193
E00585,L0037,C007,2025-12-14,2025-12-14,2026-01-01,100,완료,119
E00586,L0018,C041,2026-03-25,2026-03-25,2026-04-19,100,완료,88
E00587,L0153,C014,2026-05-11,2026-05-11,2026-06-01,100,완료,197
E00588,L0168,C042,2025-07-03,2025-07-03,,84,진행중,94
E00589,L0155,C009,2026-03-22,2026-03-22,,62,중단,134
E00590,L0053,C014,2025-10-23,2025-10-23,2025-11-11,100,완료,60
E00591,L0094,C034,2025-08-12,2025-08-12,,91,진행중,59
E00592,L0093,C026,2025-12-26,2025-12-26,2026-02-04,100,완료,41
E00593,L0181,C028,2025-07-16,2025-07-16,,47,진행중,288
E00594,L0092,C012,2026-02-21,2026-02-21,2026-02-25,100,완료,483
E00595,L0068,C013,2025-09-11,2025-09-11,2025-09-14,100,완료,49
E00596,L0089,C002,2025-06-29,2025-06-29,2025-08-17,100,완료,182
E00597,L0036,C034,2026-03-06,2026-03-06,,37,진행중,117
E00598,L0128,C030,2025-10-20,2025-10-20,,77,중단,78
E00599,L0071,C014,2026-04-22,2026-04-22,2026-05-13,100,완료,106
E00600,L0151,C019,2026-01-08,2026-01-08,2026-02-15,100,완료,3
E00601,L0090,C010,2025-10-20,2025-10-20,2025-10-27,100,완료,292
E00602,L0023,C032,2025-10-10,2025-10-10,,74,진행중,101
E00603,L0184,C046,2026-05-10,2026-05-10,,52,진행중,91
E00604,L0189,C047,2025-12-17,2025-12-17,2025-12-26,100,완료,210
E00605,L0142,C030,2025-11-13,2025-11-13,2025-12-01,100,완료,43
E00606,L0046,C010,2026-03-16,2026-03-16,,67,진행중,88
E00607,L0075,C008,2025-09-23,,,0,미시작,377
E00608,L0189,C047,2025-06-28,2025-06-28,2025-06-30,100,완료,363
E00609,L0081,C011,2026-01-02,2026-01-02,2026-02-07,100,완료,410
E00610,L0066,C021,2025-06-27,2025-06-27,,21,중단,440
E00611,L0148,C032,2025-10-27,2025-10-27,,23,진행중,110
E00612,L0022,C044,2025-09-27,2025-09-27,,89,진행중,6
E00613,L0076,C050,2025-12-31,2025-12-31,2026-02-24,100,완료,489
E00614,L0095,C014,2026-03-16,2026-03-16,,12,중단,110
E00615,L0150,C035,2026-05-29,,,0,미시작,103
E00616,L0016,C043,2026-04-19,,,0,미시작,271
E00617,L0198,C036,2025-10-08,2025-10-08,,18,진행중,84
E00618,L0036,C030,2025-06-25,2025-06-25,2025-08-05,100,완료,277
E00619,L0079,C012,2026-05-09,2026-05-09,2026-06-12,100,완료,597
E00620,L0077,C026,2026-01-22,2026-01-22,2026-02-21,100,완료,38
E00621,L0084,C010,2026-03-17,,,0,미시작,350
E00622,L0020,C046,2025-06-11,2025-06-11,,65,진행중,229
E00623,L0009,C004,2026-02-07,2026-02-07,,40,중단,14
E00624,L0107,C048,2025-06-13,2025-06-13,2025-08-01,100,완료,62
E00625,L0148,C004,2026-05-29,2026-05-29,,83,진행중,92
E00626,L0008,C005,2025-11-23,2025-11-23,,92,진행중,10
E00627,L0128,C030,2026-01-11,,,0,미시작,411
E00628,L0054,C024,2025-09-15,,,0,미시작,285
E00629,L0010,C033,2026-03-13,2026-03-13,2026-03-20,100,완료,203
E00630,L0151,C004,2026-04-13,2026-04-13,,61,진행중,191
E00631,L0054,C025,2025-09-26,2025-09-26,2025-11-01,100,완료,92
E00632,L0162,C025,2025-12-17,2025-12-17,2026-02-10,100,완료,281
E00633,L0105,C033,2026-01-26,2026-01-26,2026-03-16,100,완료,83
E00634,L0007,C019,2025-06-22,2025-06-22,2025-07-28,100,완료,153
E00635,L0088,C040,2026-03-28,2026-03-28,2026-04-19,100,완료,167
E00636,L0142,C040,2026-01-12,2026-01-12,2026-01-24,100,완료,129
E00637,L0044,C035,2025-06-16,2025-06-16,,88,진행중,44
E00638,L0084,C038,2025-08-27,2025-08-27,,32,진행중,422
E00639,L0144,C020,2026-01-20,2026-01-20,2026-03-20,100,완료,71
E00640,L0128,C048,2025-08-04,2025-08-04,,87,중단,9
E00641,L0185,C040,2025-11-18,,,0,미시작,89
E00642,L0093,C043,2025-11-03,2025-11-03,,71,중단,232
E00643,L0061,C012,2025-10-20,2025-10-20,2025-11-30,100,완료,373
E00644,L0036,C035,2025-11-02,2025-11-02,,77,진행중,101
E00645,L0156,C011,2026-03-13,2026-03-13,2026-03-20,100,완료,299
E00646,L0133,C029,2026-05-29,2026-05-29,2026-06-27,100,완료,346
E00647,L0083,C026,2026-03-08,2026-03-08,2026-03-29,100,완료,428
E00648,L0140,C008,2026-04-22,2026-04-22,,52,진행중,342
E00649,L0085,C015,2026-01-22,2026-01-22,2026-02-07,100,완료,588
E00650,L0165,C013,2025-07-19,2025-07-19,2025-09-14,100,완료,84
E00651,L0178,C001,2026-02-26,2026-02-26,2026-03-07,100,완료,137
E00652,L0182,C003,2026-03-24,2026-03-24,2026-04-04,100,완료,146
E00653,L0086,C020,2026-04-20,2026-04-20,,40,진행중,60
E00654,L0147,C004,2025-09-22,2025-09-22,2025-10-25,100,완료,352
E00655,L0139,C040,2026-04-27,2026-04-27,,48,진행중,220
E00656,L0180,C040,2026-04-30,2026-04-30,,38,중단,83
E00657,L0135,C031,2026-02-11,2026-02-11,2026-03-22,100,완료,234
E00658,L0183,C005,2026-02-21,2026-02-21,2026-03-01,100,완료,40
E00659,L0143,C035,2025-09-28,2025-09-28,2025-11-15,100,완료,37
E00660,L0113,C023,2025-12-26,2025-12-26,,44,진행중,7
E00661,L0175,C018,2025-08-10,2025-08-10,,34,중단,78
E00662,L0028,C049,2025-07-16,2025-07-16,2025-07-30,100,완료,40
E00663,L0179,C030,2025-10-05,2025-10-05,,88,진행중,210
E00664,L0188,C023,2026-01-21,2026-01-21,2026-03-04,100,완료,392
E00665,L0041,C010,2025-12-11,2025-12-11,,37,진행중,458
E00666,L0200,C027,2025-11-04,2025-11-04,,39,중단,239
E00667,L0085,C010,2025-08-13,2025-08-13,2025-09-13,100,완료,263
E00668,L0033,C013,2026-05-12,2026-05-12,,29,진행중,18
E00669,L0150,C044,2026-01-29,2026-01-29,,84,진행중,183
E00670,L0017,C042,2026-05-24,2026-05-24,,22,중단,37
E00671,L0089,C024,2025-09-25,2025-09-25,,20,중단,518
E00672,L0149,C007,2026-01-15,2026-01-15,2026-03-10,100,완료,92
E00673,L0185,C002,2026-05-04,2026-05-04,2026-06-15,100,완료,72
E00674,L0061,C015,2025-07-16,2025-07-16,2025-07-20,100,완료,306
E00675,L0189,C031,2025-08-29,2025-08-29,2025-10-21,100,완료,424
E00676,L0031,C032,2026-01-24,2026-01-24,,52,진행중,227
E00677,L0059,C040,2025-12-06,2025-12-06,,67,진행중,172
E00678,L0135,C023,2026-03-05,2026-03-05,2026-03-26,100,완료,76
E00679,L0161,C048,2025-07-01,2025-07-01,2025-08-06,100,완료,389
E00680,L0179,C020,2025-09-26,2025-09-26,2025-10-06,100,완료,115
E00681,L0021,C029,2025-07-17,2025-07-17,2025-09-01,100,완료,564
E00682,L0077,C008,2026-03-08,2026-03-08,2026-03-24,100,완료,193
E00683,L0079,C031,2026-05-13,2026-05-13,,93,진행중,583
E00684,L0046,C031,2025-12-17,2025-12-17,2026-01-25,100,완료,39
E00685,L0029,C008,2026-02-25,2026-02-25,2026-04-02,100,완료,58
E00686,L0100,C031,2025-07-31,2025-07-31,,95,진행중,429
E00687,L0066,C023,2026-04-08,2026-04-08,2026-05-24,100,완료,135
E00688,L0126,C047,2026-05-04,2026-05-04,,12,중단,156
E00689,L0049,C011,2026-03-28,2026-03-28,,26,진행중,139
E00690,L0048,C037,2025-07-06,2025-07-06,2025-07-31,100,완료,338
E00691,L0179,C016,2025-09-25,2025-09-25,2025-09-29,100,완료,100
E00692,L0117,C029,2026-01-31,2026-01-31,2026-02-03,100,완료,9
E00693,L0130,C003,2025-12-17,,,0,미시작,56
E00694,L0135,C035,2026-04-06,2026-04-06,,61,진행중,18
E00695,L0187,C012,2026-01-20,2026-01-20,2026-03-02,100,완료,166
E00696,L0047,C024,2025-12-02,2025-12-02,,19,진행중,202
E00697,L0022,C032,2025-11-14,,,0,미시작,245
E00698,L0052,C014,2025-11-08,2025-11-08,,36,중단,20
E00699,L0125,C036,2026-04-10,2026-04-10,2026-06-07,100,완료,59
E00700,L0185,C003,2025-09-24,2025-09-24,2025-10-06,100,완료,242
E00701,L0012,C043,2025-07-06,2025-07-06,,12,진행중,337
E00702,L0067,C024,2025-09-06,2025-09-06,2025-11-01,100,완료,479
E00703,L0183,C028,2025-12-12,,,0,미시작,310
E00704,L0063,C035,2026-05-06,2026-05-06,2026-05-18,100,완료,112
E00705,L0057,C034,2025-08-21,,,0,미시작,41
E00706,L0062,C047,2026-04-12,2026-04-12,,19,진행중,388
E00707,L0159,C040,2025-08-08,2025-08-08,,85,진행중,41
E00708,L0031,C005,2026-01-26,2026-01-26,2026-02-02,100,완료,235
E00709,L0166,C007,2026-06-10,2026-06-10,2026-07-12,100,완료,79
E00710,L0148,C035,2026-03-21,,,0,미시작,10
E00711,L0095,C007,2026-03-02,2026-03-02,2026-03-29,100,완료,32
E00712,L0176,C039,2026-04-23,2026-04-23,,88,진행중,353
E00713,L0159,C011,2026-01-30,2026-01-30,2026-03-18,100,완료,201
E00714,L0118,C046,2026-05-24,2026-05-24,2026-06-21,100,완료,53
E00715,L0162,C009,2026-05-17,2026-05-17,2026-07-12,100,완료,16
E00716,L0171,C011,2025-06-22,2025-06-22,2025-08-19,100,완료,358
E00717,L0191,C045,2025-11-22,,,0,미시작,17
E00718,L0050,C027,2025-10-16,,,0,미시작,238
E00719,L0108,C011,2025-08-27,,,0,미시작,324
E00720,L0159,C011,2026-05-27,2026-05-27,2026-06-04,100,완료,451
E00721,L0146,C045,2025-07-22,2025-07-22,,48,진행중,104
E00722,L0116,C033,2025-09-09,2025-09-09,2025-10-06,100,완료,176
E00723,L0006,C009,2025-07-24,,,0,미시작,71
E00724,L0124,C012,2026-05-11,2026-05-11,2026-07-03,100,완료,645
E00725,L0022,C041,2025-08-01,,,0,미시작,29
E00726,L0197,C019,2026-05-28,2026-05-28,,10,중단,30
E00727,L0114,C035,2025-10-16,2025-10-16,2025-12-06,100,완료,9
E00728,L0117,C004,2025-08-22,2025-08-22,,76,중단,274
E00729,L0175,C044,2025-06-16,2025-06-16,,14,진행중,211
E00730,L0193,C020,2026-04-04,2026-04-04,,29,중단,29
E00731,L0182,C020,2025-08-14,2025-08-14,,74,진행중,56
E00732,L0126,C047,2025-08-17,2025-08-17,,95,진행중,554
E00733,L0070,C045,2026-04-22,2026-04-22,,26,진행중,11
E00734,L0122,C043,2025-10-02,2025-10-02,2025-10-17,100,완료,230
E00735,L0020,C036,2026-05-16,2026-05-16,2026-06-23,100,완료,83
E00736,L0195,C006,2025-07-22,2025-07-22,2025-09-16,100,완료,144
E00737,L0136,C021,2026-02-20,2026-02-20,2026-03-21,100,완료,492
E00738,L0074,C034,2025-07-28,2025-07-28,2025-08-17,100,완료,47
E00739,L0028,C006,2025-11-01,2025-11-01,,68,진행중,139
E00740,L0130,C029,2025-12-31,2025-12-31,2026-02-10,100,완료,33
E00741,L0195,C046,2026-01-18,2026-01-18,2026-02-22,100,완료,229
E00742,L0145,C002,2025-11-29,,,0,미시작,197
E00743,L0006,C026,2025-08-03,2025-08-03,2025-09-13,100,완료,206
E00744,L0183,C038,2025-12-14,2025-12-14,2026-01-06,100,완료,467
E00745,L0094,C040,2025-06-17,2025-06-17,,65,진행중,70
E00746,L0109,C050,2026-06-01,2026-06-01,2026-07-14,100,완료,511
E00747,L0093,C047,2026-03-13,2026-03-13,,55,진행중,306
E00748,L0125,C009,2026-03-20,2026-03-20,,28,진행중,136
E00749,L0153,C038,2026-01-31,2026-01-31,2026-02-01,100,완료,241
E00750,L0078,C026,2025-06-21,,,0,미시작,26
E00751,L0113,C025,2025-08-07,2025-08-07,2025-10-04,100,완료,107
E00752,L0072,C042,2025-11-28,2025-11-28,,67,진행중,6
E00753,L0014,C029,2025-10-13,,,0,미시작,532
E00754,L0153,C036,2025-11-30,2025-11-30,,43,중단,56
E00755,L0056,C008,2025-12-24,2025-12-24,2026-02-13,100,완료,302
E00756,L0129,C030,2026-04-06,2026-04-06,,64,진행중,164
E00757,L0095,C010,2025-11-21,2025-11-21,,51,진행중,298
E00758,L0122,C027,2025-10-25,2025-10-25,,95,진행중,52
E00759,L0082,C033,2026-01-26,2026-01-26,2026-02-14,100,완료,100
E00760,L0177,C007,2026-04-29,2026-04-29,,93,진행중,107
E00761,L0192,C038,2025-10-03,2025-10-03,2025-10-26,100,완료,427
E00762,L0028,C013,2025-08-12,2025-08-12,2025-09-03,100,완료,66
E00763,L0077,C019,2026-02-15,,,0,미시작,22
E00764,L0195,C007,2026-02-24,2026-02-24,2026-03-02,100,완료,43
E00765,L0118,C041,2025-10-26,2025-10-26,2025-11-03,100,완료,92
E00766,L0048,C007,2025-10-28,2025-10-28,,70,진행중,107
E00767,L0024,C022,2025-12-27,,,0,미시작,98
E00768,L0141,C025,2025-10-02,2025-10-02,,40,진행중,107
E00769,L0171,C002,2025-10-15,2025-10-15,2025-11-25,100,완료,142
E00770,L0009,C038,2026-01-16,2026-01-16,2026-03-13,100,완료,240
E00771,L0011,C050,2025-08-04,2025-08-04,2025-08-06,100,완료,485
E00772,L0154,C027,2025-09-24,2025-09-24,2025-09-24,100,완료,363
E00773,L0032,C008,2026-01-18,2026-01-18,,87,중단,270
E00774,L0009,C032,2025-06-29,2025-06-29,,35,진행중,219
E00775,L0152,C047,2025-08-06,2025-08-06,,49,진행중,195
E00776,L0056,C041,2025-12-17,,,0,미시작,96
E00777,L0013,C038,2026-04-09,2026-04-09,,81,진행중,132
E00778,L0192,C024,2026-01-15,2026-01-15,,83,중단,260
E00779,L0049,C005,2025-06-13,2025-06-13,,78,진행중,140
E00780,L0144,C022,2026-05-09,2026-05-09,2026-07-04,100,완료,30
E00781,L0086,C031,2025-10-07,2025-10-07,2025-12-01,100,완료,422
E00782,L0018,C049,2025-12-05,2025-12-05,,13,중단,325
E00783,L0191,C003,2026-02-27,2026-02-27,2026-04-13,100,완료,273
E00784,L0021,C009,2026-03-18,2026-03-18,,22,진행중,494
E00785,L0117,C010,2025-07-03,2025-07-03,,70,진행중,0
E00786,L0001,C048,2025-07-27,2025-07-27,2025-09-19,100,완료,111
E00787,L0197,C001,2025-12-26,2025-12-26,2026-01-24,100,완료,99
E00788,L0146,C035,2025-11-16,2025-11-16,,59,중단,7
E00789,L0109,C041,2026-03-25,2026-03-25,2026-04-25,100,완료,40
E00790,L0185,C015,2026-01-22,2026-01-22,,18,진행중,12
E00791,L0153,C032,2025-09-01,2025-09-01,2025-10-11,100,완료,232
E00792,L0181,C036,2025-08-20,2025-08-20,2025-08-29,100,완료,67
E00793,L0136,C050,2025-11-18,2025-11-18,,48,진행중,246
E00794,L0145,C023,2025-09-21,2025-09-21,2025-10-08,100,완료,589
E00795,L0032,C013,2025-11-08,2025-11-08,2025-12-29,100,완료,5
E00796,L0123,C027,2025-12-15,,,0,미시작,154
E00797,L0096,C042,2025-06-24,,,0,미시작,72
E00798,L0051,C015,2025-12-24,2025-12-24,,20,진행중,252
E00799,L0199,C037,2026-05-19,2026-05-19,2026-06-03,100,완료,332
E00800,L0179,C032,2026-03-03,2026-03-03,2026-03-12,100,완료,218
E00801,L0099,C018,2025-07-26,2025-07-26,2025-07-31,100,완료,96
E00802,L0042,C026,2026-02-23,2026-02-23,2026-03-30,100,완료,102
E00803,L0165,C045,2025-07-02,2025-07-02,,87,진행중,115
E00804,L0039,C016,2025-12-05,2025-12-05,2026-01-02,100,완료,102
E00805,L0043,C038,2026-02-08,2026-02-08,2026-03-11,100,완료,222
E00806,L0070,C015,2026-05-04,2026-05-04,2026-06-06,100,완료,459
E00807,L0156,C042,2025-11-12,2025-11-12,,27,진행중,0
E00808,L0062,C036,2025-12-19,2025-12-19,2026-01-30,100,완료,28
E00809,L0090,C004,2026-03-26,2026-03-26,,54,진행중,111
E00810,L0101,C045,2025-10-14,2025-10-14,2025-12-11,100,완료,84
E00811,L0065,C028,2026-02-20,2026-02-20,,42,중단,331
E00812,L0076,C007,2025-11-07,2025-11-07,,85,중단,47
E00813,L0129,C022,2025-11-18,2025-11-18,,25,진행중,64
E00814,L0179,C045,2025-09-16,2025-09-16,,74,진행중,39
E00815,L0164,C044,2026-05-08,2026-05-08,2026-05-08,100,완료,391
E00816,L0114,C025,2025-07-07,2025-07-07,,94,진행중,48
E00817,L0074,C012,2025-11-22,2025-11-22,,48,진행중,312
E00818,L0042,C019,2026-03-26,2026-03-26,2026-03-30,100,완료,172
E00819,L0192,C036,2026-03-16,2026-03-16,,38,진행중,91
E00820,L0032,C024,2026-05-22,2026-05-22,,56,진행중,158
E00821,L0165,C040,2025-07-30,2025-07-30,2025-09-23,100,완료,185
E00822,L0109,C031,2026-05-09,2026-05-09,2026-06-27,100,완료,442
E00823,L0114,C030,2026-01-11,2026-01-11,,65,진행중,418
E00824,L0165,C020,2026-03-21,2026-03-21,2026-03-29,100,완료,1
E00825,L0110,C045,2025-11-21,2025-11-21,2025-12-06,100,완료,53
E00826,L0107,C022,2026-04-07,2026-04-07,2026-05-15,100,완료,30
E00827,L0144,C034,2025-12-09,2025-12-09,,39,진행중,84
E00828,L0100,C048,2026-04-28,2026-04-28,2026-05-08,100,완료,371
E00829,L0118,C028,2026-01-19,,,0,미시작,40
E00830,L0172,C040,2026-05-25,2026-05-25,2026-06-16,100,완료,206
E00831,L0051,C045,2025-07-05,2025-07-05,,65,중단,61
E00832,L0060,C006,2025-06-11,2025-06-11,,31,진행중,136
E00833,L0087,C048,2025-09-12,2025-09-12,2025-10-10,100,완료,241
E00834,L0089,C026,2026-02-15,2026-02-15,,52,진행중,367
E00835,L0098,C045,2025-11-24,2025-11-24,,11,진행중,117
E00836,L0143,C009,2026-05-10,2026-05-10,2026-06-26,100,완료,220
E00837,L0198,C036,2026-05-31,2026-05-31,2026-07-22,100,완료,107
E00838,L0077,C002,2026-03-25,2026-03-25,2026-05-01,100,완료,85
E00839,L0166,C004,2025-08-01,2025-08-01,2025-09-27,100,완료,211
E00840,L0127,C002,2025-08-06,2025-08-06,,82,진행중,137
E00841,L0040,C005,2026-05-10,2026-05-10,2026-06-15,100,완료,13
E00842,L0068,C043,2025-06-11,2025-06-11,,33,진행중,201
E00843,L0101,C005,2025-11-02,2025-11-02,,13,진행중,109
E00844,L0036,C013,2025-10-31,2025-10-31,2025-12-11,100,완료,86
E00845,L0155,C036,2025-12-03,2025-12-03,,28,진행중,19
E00846,L0019,C028,2025-09-06,2025-09-06,,17,진행중,73
E00847,L0055,C033,2025-12-20,2025-12-20,2026-01-09,100,완료,27
E00848,L0053,C048,2025-07-02,2025-07-02,2025-08-02,100,완료,586
E00849,L0039,C015,2026-04-28,2026-04-28,2026-05-29,100,완료,618
E00850,L0153,C025,2026-02-23,2026-02-23,2026-03-15,100,완료,338
E00851,L0078,C030,2025-08-12,2025-08-12,2025-10-03,100,완료,138
E00852,L0121,C013,2026-03-06,2026-03-06,,46,진행중,36
E00853,L0086,C028,2026-01-14,,,0,미시작,326
E00854,L0046,C037,2025-07-03,2025-07-03,2025-08-14,100,완료,41
E00855,L0078,C013,2026-04-21,2026-04-21,2026-05-28,100,완료,72
E00856,L0121,C018,2025-07-24,2025-07-24,,14,중단,89
E00857,L0048,C021,2025-06-17,2025-06-17,,84,진행중,25
E00858,L0099,C025,2025-12-05,2025-12-05,2025-12-13,100,완료,188
E00859,L0197,C036,2025-10-02,2025-10-02,,37,진행중,80
E00860,L0152,C013,2026-05-13,2026-05-13,,17,진행중,74
E00861,L0050,C020,2026-03-14,2026-03-14,,70,진행중,32
E00862,L0021,C033,2025-12-11,,,0,미시작,44
E00863,L0052,C008,2025-12-11,2025-12-11,,45,진행중,410
E00864,L0141,C050,2025-07-31,2025-07-31,2025-08-02,100,완료,3
E00865,L0079,C047,2025-06-16,2025-06-16,2025-06-25,100,완료,582
E00866,L0103,C017,2025-07-19,2025-07-19,2025-08-03,100,완료,71
E00867,L0151,C005,2026-03-06,2026-03-06,,35,진행중,160
E00868,L0075,C022,2025-07-01,2025-07-01,2025-07-17,100,완료,26
E00869,L0172,C007,2026-04-25,2026-04-25,2026-05-31,100,완료,13
E00870,L0134,C046,2025-10-15,2025-10-15,2025-12-02,100,완료,65
E00871,L0172,C008,2025-10-30,2025-10-30,2025-12-22,100,완료,108
E00872,L0004,C036,2025-12-04,2025-12-04,2026-01-20,100,완료,10
E00873,L0007,C032,2025-12-25,2025-12-25,2026-02-09,100,완료,224
E00874,L0113,C036,2026-04-19,2026-04-19,2026-05-20,100,완료,110
E00875,L0047,C038,2026-04-29,2026-04-29,,16,진행중,449
E00876,L0033,C041,2025-12-26,2025-12-26,2026-01-28,100,완료,86
E00877,L0065,C046,2026-03-02,2026-03-02,,98,진행중,232
E00878,L0177,C035,2025-09-04,2025-09-04,2025-09-16,100,완료,23
E00879,L0088,C039,2025-07-12,2025-07-12,,83,진행중,345
E00880,L0057,C028,2025-07-30,,,0,미시작,165
E00881,L0054,C039,2026-03-19,2026-03-19,,12,진행중,275
E00882,L0085,C046,2025-10-24,2025-10-24,2025-11-15,100,완료,34
E00883,L0176,C038,2025-10-22,2025-10-22,2025-10-30,100,완료,461
E00884,L0165,C031,2026-02-02,2026-02-02,2026-03-21,100,완료,83
E00885,L0148,C046,2025-06-16,2025-06-16,2025-08-12,100,완료,213
E00886,L0159,C049,2025-12-03,2025-12-03,2026-01-09,100,완료,222
E00887,L0123,C001,2025-12-27,2025-12-27,2026-01-07,100,완료,231
E00888,L0038,C023,2025-12-04,2025-12-04,2026-01-09,100,완료,396
E00889,L0104,C009,2026-04-22,2026-04-22,,54,진행중,473
E00890,L0092,C020,2025-08-12,2025-08-12,2025-09-28,100,완료,1
E00891,L0148,C016,2026-04-05,2026-04-05,,60,중단,53
E00892,L0146,C032,2026-05-16,2026-05-16,,33,진행중,172
E00893,L0186,C017,2025-07-13,2025-07-13,,14,진행중,464
E00894,L0088,C007,2026-06-08,2026-06-08,,81,진행중,79
E00895,L0181,C050,2025-10-26,2025-10-26,2025-11-01,100,완료,366
E00896,L0163,C012,2026-05-24,2026-05-24,,65,진행중,371
E00897,L0130,C005,2026-04-20,2026-04-20,2026-05-31,100,완료,128
E00898,L0165,C011,2025-10-26,2025-10-26,,40,진행중,598
E00899,L0154,C025,2026-01-13,2026-01-13,,26,진행중,717
E00900,L0069,C031,2026-06-08,2026-06-08,,19,진행중,344
E00901,L0077,C008,2026-01-18,2026-01-18,2026-02-05,100,완료,210
E00902,L0046,C012,2026-02-17,2026-02-17,,37,진행중,602
E00903,L0157,C042,2026-05-13,2026-05-13,,14,중단,21
E00904,L0102,C049,2025-08-01,2025-08-01,2025-09-14,100,완료,48
E00905,L0093,C017,2025-08-05,2025-08-05,2025-08-11,100,완료,254
E00906,L0122,C016,2026-01-12,2026-01-12,2026-01-28,100,완료,105
E00907,L0080,C021,2025-10-17,2025-10-17,,73,진행중,33
E00908,L0135,C047,2025-07-15,2025-07-15,,60,진행중,494
E00909,L0141,C024,2026-03-11,,,0,미시작,336
E00910,L0124,C040,2025-07-17,2025-07-17,2025-08-15,100,완료,130
E00911,L0082,C047,2025-07-19,,,0,미시작,228
E00912,L0180,C026,2026-03-30,2026-03-30,2026-04-07,100,완료,21
E00913,L0028,C010,2026-03-28,2026-03-28,2026-04-26,100,완료,18
E00914,L0059,C006,2026-06-08,,,0,미시작,89
E00915,L0131,C033,2025-11-15,2025-11-15,,94,진행중,135
E00916,L0054,C017,2026-05-24,2026-05-24,,81,중단,155
E00917,L0029,C001,2025-12-09,2025-12-09,,92,진행중,9
E00918,L0071,C031,2026-03-11,2026-03-11,2026-03-18,100,완료,502
E00919,L0004,C036,2025-10-29,2025-10-29,2025-12-02,100,완료,66
E00920,L0142,C044,2026-03-03,2026-03-03,,91,진행중,294
E00921,L0027,C029,2025-07-11,,,0,미시작,446
E00922,L0146,C047,2025-07-01,2025-07-01,2025-08-05,100,완료,197
E00923,L0105,C040,2026-01-22,2026-01-22,,82,중단,99
E00924,L0182,C045,2026-01-17,2026-01-17,,22,중단,77
E00925,L0034,C033,2026-04-29,2026-04-29,2026-05-10,100,완료,3
E00926,L0151,C040,2026-01-13,2026-01-13,2026-02-14,100,완료,90
E00927,L0056,C015,2026-05-28,2026-05-28,,70,진행중,671
E00928,L0109,C029,2025-07-31,2025-07-31,,78,진행중,491
E00929,L0186,C002,2025-11-14,2025-11-14,,44,진행중,74
E00930,L0047,C030,2025-06-27,2025-06-27,,10,중단,269
E00931,L0193,C039,2026-04-22,2026-04-22,,56,진행중,121
E00932,L0173,C022,2026-03-27,2026-03-27,,91,진행중,15
E00933,L0147,C034,2026-04-12,2026-04-12,,27,중단,111
E00934,L0173,C046,2025-10-29,2025-10-29,2025-12-19,100,완료,129
E00935,L0029,C008,2025-08-30,,,0,미시작,60
E00936,L0021,C042,2025-07-23,2025-07-23,,68,중단,100
E00937,L0185,C023,2026-04-29,2026-04-29,2026-05-04,100,완료,340
E00938,L0158,C015,2026-03-21,2026-03-21,2026-05-04,100,완료,87
E00939,L0197,C022,2025-12-31,2025-12-31,,31,진행중,10
E00940,L0013,C017,2026-05-09,2026-05-09,,19,진행중,269
E00941,L0053,C033,2026-03-10,2026-03-10,2026-03-22,100,완료,137
E00942,L0033,C003,2026-04-24,2026-04-24,2026-06-20,100,완료,402
E00943,L0197,C017,2025-12-30,2025-12-30,2026-01-10,100,완료,150
E00944,L0022,C008,2026-04-09,2026-04-09,2026-05-22,100,완료,409
E00945,L0077,C007,2026-05-25,2026-05-25,2026-06-19,100,완료,18
E00946,L0163,C027,2025-07-23,2025-07-23,2025-07-29,100,완료,411
E00947,L0153,C044,2025-10-23,2025-10-23,2025-11-15,100,완료,457
E00948,L0047,C005,2026-04-11,2026-04-11,,80,중단,103
E00949,L0003,C028,2026-01-06,2026-01-06,2026-02-18,100,완료,352
E00950,L0120,C036,2025-06-26,2025-06-26,,33,중단,70
E00951,L0003,C002,2026-04-29,2026-04-29,2026-06-19,100,완료,59
E00952,L0191,C021,2025-10-07,2025-10-07,2025-10-20,100,완료,450
E00953,L0044,C021,2026-06-01,2026-06-01,,82,진행중,204
E00954,L0137,C014,2026-02-13,2026-02-13,2026-02-18,100,완료,35
E00955,L0041,C047,2025-09-30,2025-09-30,,46,진행중,340
E00956,L0110,C009,2026-02-08,2026-02-08,,27,진행중,350
E00957,L0139,C002,2025-06-12,,,0,미시작,92
E00958,L0191,C050,2025-11-01,2025-11-01,,33,중단,44
E00959,L0170,C008,2025-10-02,2025-10-02,,18,진행중,193
E00960,L0024,C027,2026-01-24,2026-01-24,,92,진행중,111
E00961,L0019,C037,2026-05-10,2026-05-10,,44,중단,426
E00962,L0163,C012,2025-12-06,2025-12-06,,55,중단,712
E00963,L0027,C033,2026-04-18,2026-04-18,2026-04-29,100,완료,124
E00964,L0149,C041,2025-10-26,2025-10-26,2025-11-20,100,완료,60
E00965,L0108,C007,2025-08-04,2025-08-04,2025-09-27,100,완료,22
E00966,L0057,C012,2025-10-11,2025-10-11,2025-11-26,100,완료,66
E00967,L0145,C040,2025-12-29,2025-12-29,,59,진행중,79
E00968,L0009,C032,2025-09-26,2025-09-26,,53,진행중,51
E00969,L0167,C014,2026-03-04,2026-03-04,,87,진행중,62
E00970,L0043,C042,2025-11-06,2025-11-06,2025-11-06,100,완료,80
E00971,L0073,C047,2025-10-23,2025-10-23,,14,진행중,189
E00972,L0069,C047,2025-10-27,2025-10-27,,34,진행중,27
E00973,L0012,C007,2025-06-18,2025-06-18,2025-08-09,100,완료,115
E00974,L0059,C023,2026-01-22,2026-01-22,2026-01-30,100,완료,217
E00975,L0198,C020,2025-09-01,2025-09-01,2025-09-03,100,완료,66
E00976,L0052,C001,2026-03-04,2026-03-04,,80,진행중,101
E00977,L0163,C032,2026-05-29,2026-05-29,2026-07-15,100,완료,61
E00978,L0099,C041,2025-08-05,2025-08-05,2025-09-07,100,완료,21
E00979,L0059,C044,2025-12-26,2025-12-26,2026-01-06,100,완료,463
E00980,L0123,C044,2025-11-05,2025-11-05,2025-11-21,100,완료,386
E00981,L0072,C044,2025-07-03,2025-07-03,2025-07-27,100,완료,351
E00982,L0131,C036,2026-04-20,2026-04-20,,32,중단,2
E00983,L0009,C039,2026-03-18,,,0,미시작,91
E00984,L0021,C013,2025-08-21,2025-08-21,,67,진행중,51
E00985,L0186,C024,2026-06-05,2026-06-05,,70,진행중,137
E00986,L0033,C019,2026-04-15,2026-04-15,2026-04-24,100,완료,133
E00987,L0058,C013,2025-11-24,2025-11-24,2026-01-08,100,완료,92
E00988,L0091,C009,2026-04-26,2026-04-26,,26,중단,90
E00989,L0023,C033,2026-01-28,2026-01-28,2026-03-12,100,완료,174
E00990,L0013,C011,2025-12-05,2025-12-05,2026-01-21,100,완료,117
E00991,L0068,C020,2025-07-01,2025-07-01,,45,중단,12
E00992,L0188,C004,2026-03-01,2026-03-01,2026-04-04,100,완료,321
E00993,L0057,C021,2026-02-18,2026-02-18,2026-03-22,100,완료,18
E00994,L0054,C024,2026-02-21,2026-02-21,2026-03-14,100,완료,249
E00995,L0105,C040,2026-03-19,2026-03-19,2026-05-01,100,완료,1
E00996,L0105,C025,2025-12-31,2025-12-31,2026-02-18,100,완료,656
E00997,L0196,C040,2025-10-17,2025-10-17,,82,진행중,229
E00998,L0017,C009,2025-07-28,2025-07-28,2025-09-24,100,완료,476
E00999,L0024,C043,2026-04-05,2026-04-05,2026-05-18,100,완료,332
E01000,L0013,C047,2025-12-14,2025-12-14,2026-01-01,100,완료,252
