수강번호,학습자ID,이름,부서,직급,회사,강좌ID,강좌명,카테고리,강사명,난이도,등록일,시작일,완료일,학습시간(시간),진행률(%),시험점수,과제점수,참여도,합격여부
E00001,L0026,직원26,인사팀,과장,회사3,C020,직무 스킬 강좌 20,언어,최강사,중급,2025-12-29,2025-12-29,,2,63,,,,
E00002,L0052,직원52,인사팀,사원,회사1,C029,직장 예절 강좌 29,리더십,박강사,초급,2025-10-19,,,10,0,,,,
E00003,L0200,직원200,인사팀,사원,회사3,C025,기술 강좌 25,기본소양,박강사,중급,2026-01-31,2026-01-31,2026-02-27,12,100,63.0,94.0,보통,합격
E00004,L0144,직원144,기획팀,부장,회사3,C048,기술 강좌 48,언어,정강사,고급,2026-01-29,2026-01-29,,10,88,,,,
E00005,L0029,직원29,영업팀,사원,회사3,C031,기술 강좌 31,직무 스킬,이강사,중급,2026-04-05,2026-04-05,2026-04-20,12,100,88.0,85.0,낮음,불합격
E00006,L0150,직원150,인사팀,부장,회사2,C001,언어 강좌 1,언어,한강사,고급,2026-02-18,2026-02-18,,4,41,,,,
E00007,L0148,직원148,재무팀,대리,회사3,C023,리더십 강좌 23,직장 예절,박강사,중급,2025-11-24,2025-11-24,2025-12-14,10,100,91.0,96.0,높음,합격
E00008,L0182,직원182,재무팀,대리,회사2,C043,직장 예절 강좌 43,기본소양,한강사,고급,2025-11-04,2025-11-04,2025-11-26,6,100,91.0,70.0,낮음,합격
E00009,L0162,직원162,개발팀,주임,회사3,C019,직무 스킬 강좌 19,직무 스킬,한강사,중급,2026-03-04,2026-03-04,2026-04-17,4,100,88.0,75.0,보통,합격
E00010,L0091,직원91,재무팀,부장,회사3,C022,기술 강좌 22,직장 예절,이강사,초급,2025-07-24,2025-07-24,,2,65,,,,
E00011,L0062,직원62,개발팀,과장,회사3,C021,언어 강좌 21,리더십,최강사,중급,2025-07-07,2025-07-07,,12,81,,,,
E00012,L0024,직원24,인사팀,부장,회사1,C017,직장 예절 강좌 17,기본소양,박강사,초급,2025-11-21,2025-11-21,2025-12-22,8,100,66.0,94.0,보통,합격
E00013,L0091,직원91,재무팀,부장,회사3,C012,기본소양 강좌 12,리더십,김강사,중급,2026-05-03,,,12,0,,,,
E00014,L0059,직원59,인사팀,과장,회사2,C018,기본소양 강좌 18,직장 예절,박강사,고급,2025-08-23,2025-08-23,2025-09-06,2,100,64.0,74.0,보통,합격
E00015,L0160,직원160,인사팀,부장,회사2,C047,직무 스킬 강좌 47,기본소양,한강사,고급,2026-01-20,2026-01-20,2026-03-10,10,100,60.0,83.0,높음,합격
E00016,L0001,직원1,마케팅팀,부장,회사3,C003,직장 예절 강좌 3,직장 예절,이강사,초급,2025-10-16,2025-10-16,2025-11-14,8,100,82.0,87.0,보통,합격
E00017,L0071,직원71,개발팀,과장,회사2,C007,직장 예절 강좌 7,직장 예절,박강사,고급,2025-11-06,2025-11-06,2025-12-09,2,100,85.0,92.0,낮음,합격
E00018,L0120,직원120,기획팀,과장,회사2,C033,리더십 강좌 33,리더십,정강사,중급,2026-03-28,2026-03-28,2026-05-03,4,100,94.0,95.0,높음,불합격
E00019,L0126,직원126,마케팅팀,주임,회사3,C022,기술 강좌 22,직장 예절,이강사,초급,2025-12-22,2025-12-22,,2,66,,,,
E00020,L0128,직원128,마케팅팀,사원,회사3,C034,기술 강좌 34,직무 스킬,정강사,초급,2026-02-08,2026-02-08,2026-03-26,2,100,87.0,97.0,낮음,합격
E00021,L0004,직원4,마케팅팀,대리,회사1,C032,직장 예절 강좌 32,기술,정강사,고급,2026-06-07,2026-06-07,,6,18,,,,
E00022,L0047,직원47,재무팀,사원,회사2,C026,직무 스킬 강좌 26,직장 예절,박강사,고급,2025-12-28,2025-12-28,2026-02-05,10,100,68.0,73.0,높음,합격
E00023,L0011,직원11,마케팅팀,사원,회사1,C025,기술 강좌 25,기본소양,박강사,중급,2025-12-27,2025-12-27,2026-02-05,12,100,82.0,76.0,보통,합격
E00024,L0004,직원4,마케팅팀,대리,회사1,C029,직장 예절 강좌 29,리더십,박강사,초급,2026-02-02,2026-02-02,,10,70,,,,
E00025,L0021,직원21,기획팀,과장,회사1,C044,기술 강좌 44,언어,김강사,중급,2025-07-04,,,8,0,,,,
E00026,L0008,직원8,인사팀,대리,회사3,C003,직장 예절 강좌 3,직장 예절,이강사,초급,2025-07-19,2025-07-19,,8,43,,,,
E00027,L0094,직원94,영업팀,주임,회사3,C011,언어 강좌 11,기본소양,김강사,초급,2025-06-18,2025-06-18,,10,81,,,,
E00028,L0141,직원141,인사팀,부장,회사1,C022,기술 강좌 22,직장 예절,이강사,초급,2025-06-23,2025-06-23,2025-07-20,2,100,66.0,79.0,높음,합격
E00029,L0160,직원160,인사팀,부장,회사2,C027,기술 강좌 27,기술,박강사,고급,2025-12-25,2025-12-25,,8,85,,,,
E00030,L0084,직원84,인사팀,부장,회사3,C010,언어 강좌 10,언어,이강사,중급,2025-12-02,2025-12-02,,8,62,,,,
E00031,L0035,직원35,영업팀,주임,회사3,C038,직무 스킬 강좌 38,언어,한강사,중급,2025-08-24,2025-08-24,,8,96,,,,
E00032,L0176,직원176,기획팀,과장,회사1,C006,리더십 강좌 6,기본소양,정강사,초급,2026-03-26,2026-03-26,,4,53,,,,
E00033,L0142,직원142,재무팀,사원,회사1,C004,기술 강좌 4,기본소양,이강사,초급,2025-10-23,2025-10-23,2025-10-29,6,100,63.0,79.0,높음,합격
E00034,L0133,직원133,인사팀,주임,회사1,C028,직무 스킬 강좌 28,기본소양,한강사,중급,2026-01-06,2026-01-06,,6,83,,,,
E00035,L0161,직원161,마케팅팀,대리,회사2,C049,리더십 강좌 49,직장 예절,박강사,중급,2026-05-28,,,6,0,,,,
E00036,L0050,직원50,영업팀,과장,회사2,C021,언어 강좌 21,리더십,최강사,중급,2026-05-18,2026-05-18,,12,80,,,,
E00037,L0172,직원172,마케팅팀,대리,회사1,C008,직장 예절 강좌 8,기본소양,최강사,초급,2026-04-04,2026-04-04,,8,60,,,,
E00038,L0058,직원58,기획팀,대리,회사1,C011,언어 강좌 11,기본소양,김강사,초급,2026-02-20,,,10,0,,,,
E00039,L0044,직원44,인사팀,사원,회사2,C014,직장 예절 강좌 14,언어,김강사,초급,2026-01-11,,,4,0,,,,
E00040,L0010,직원10,기획팀,대리,회사3,C018,기본소양 강좌 18,직장 예절,박강사,고급,2026-02-09,2026-02-09,,2,58,,,,
E00041,L0037,직원37,재무팀,부장,회사3,C014,직장 예절 강좌 14,언어,김강사,초급,2026-03-08,2026-03-08,2026-04-25,4,100,64.0,76.0,높음,합격
E00042,L0074,직원74,기획팀,사원,회사1,C024,직무 스킬 강좌 24,언어,한강사,중급,2026-04-15,,,10,0,,,,
E00043,L0191,직원191,마케팅팀,사원,회사3,C030,기본소양 강좌 30,기술,박강사,초급,2026-05-05,2026-05-05,2026-05-10,8,100,89.0,96.0,높음,합격
E00044,L0161,직원161,마케팅팀,대리,회사2,C049,리더십 강좌 49,직장 예절,박강사,중급,2025-06-23,2025-06-23,2025-07-04,6,100,66.0,75.0,보통,합격
E00045,L0068,직원68,마케팅팀,과장,회사1,C026,직무 스킬 강좌 26,직장 예절,박강사,고급,2025-07-13,2025-07-13,,10,14,,,,
E00046,L0193,직원193,재무팀,부장,회사2,C032,직장 예절 강좌 32,기술,정강사,고급,2025-08-05,2025-08-05,,6,35,,,,
E00047,L0076,직원76,기획팀,대리,회사1,C034,기술 강좌 34,직무 스킬,정강사,초급,2025-06-21,2025-06-21,,2,65,,,,
E00048,L0192,직원192,재무팀,대리,회사1,C031,기술 강좌 31,직무 스킬,이강사,중급,2025-10-05,2025-10-05,,12,13,,,,
E00049,L0154,직원154,마케팅팀,사원,회사2,C016,기본소양 강좌 16,리더십,정강사,중급,2025-09-26,2025-09-26,2025-09-26,4,100,74.0,82.0,높음,합격
E00050,L0148,직원148,재무팀,대리,회사3,C046,기술 강좌 46,기본소양,이강사,초급,2025-09-09,2025-09-09,,4,52,,,,
E00051,L0049,직원49,마케팅팀,사원,회사1,C044,기술 강좌 44,언어,김강사,중급,2025-09-11,2025-09-11,2025-11-09,8,100,68.0,84.0,높음,합격
E00052,L0198,직원198,기획팀,대리,회사1,C029,직장 예절 강좌 29,리더십,박강사,초급,2025-12-13,2025-12-13,2026-01-14,10,100,66.0,75.0,높음,합격
E00053,L0059,직원59,인사팀,과장,회사2,C040,언어 강좌 40,리더십,김강사,고급,2026-02-26,2026-02-26,2026-03-23,4,100,96.0,73.0,보통,불합격
E00054,L0118,직원118,재무팀,사원,회사2,C014,직장 예절 강좌 14,언어,김강사,초급,2026-02-09,2026-02-09,,4,15,,,,
E00055,L0123,직원123,영업팀,부장,회사2,C034,기술 강좌 34,직무 스킬,정강사,초급,2025-11-27,2025-11-27,2025-12-10,2,100,69.0,73.0,보통,합격
E00056,L0085,직원85,마케팅팀,대리,회사1,C004,기술 강좌 4,기본소양,이강사,초급,2025-10-07,2025-10-07,2025-11-09,6,100,82.0,90.0,낮음,합격
E00057,L0109,직원109,개발팀,사원,회사3,C026,직무 스킬 강좌 26,직장 예절,박강사,고급,2025-07-20,2025-07-20,,10,85,,,,
E00058,L0002,직원2,재무팀,부장,회사2,C013,직무 스킬 강좌 13,리더십,김강사,중급,2025-10-12,2025-10-12,,2,45,,,,
E00059,L0198,직원198,기획팀,대리,회사1,C005,기술 강좌 5,리더십,김강사,초급,2025-08-05,2025-08-05,2025-09-10,4,100,77.0,72.0,낮음,합격
E00060,L0155,직원155,기획팀,부장,회사2,C024,직무 스킬 강좌 24,언어,한강사,중급,2025-12-07,2025-12-07,2026-01-22,10,100,80.0,82.0,보통,합격
E00061,L0148,직원148,재무팀,대리,회사3,C005,기술 강좌 5,리더십,김강사,초급,2026-02-19,2026-02-19,2026-03-01,4,100,66.0,96.0,높음,합격
E00062,L0094,직원94,영업팀,주임,회사3,C031,기술 강좌 31,직무 스킬,이강사,중급,2025-07-05,2025-07-05,2025-07-28,12,100,92.0,75.0,보통,합격
E00063,L0128,직원128,마케팅팀,사원,회사3,C024,직무 스킬 강좌 24,언어,한강사,중급,2026-03-30,2026-03-30,,10,27,,,,
E00064,L0164,직원164,영업팀,과장,회사2,C039,언어 강좌 39,언어,박강사,중급,2025-08-03,2025-08-03,2025-08-08,6,100,92.0,70.0,보통,합격
E00065,L0100,직원100,기획팀,과장,회사2,C031,기술 강좌 31,직무 스킬,이강사,중급,2025-11-08,,,12,0,,,,
E00066,L0046,직원46,기획팀,대리,회사2,C030,기본소양 강좌 30,기술,박강사,초급,2026-03-09,2026-03-09,,8,19,,,,
E00067,L0129,직원129,재무팀,과장,회사1,C010,언어 강좌 10,언어,이강사,중급,2026-03-02,,,8,0,,,,
E00068,L0139,직원139,재무팀,사원,회사3,C042,직무 스킬 강좌 42,직무 스킬,김강사,고급,2025-12-13,2025-12-13,2025-12-14,2,100,81.0,77.0,보통,합격
E00069,L0113,직원113,영업팀,사원,회사2,C022,기술 강좌 22,직장 예절,이강사,초급,2025-06-16,2025-06-16,2025-06-22,2,100,64.0,83.0,보통,합격
E00070,L0004,직원4,마케팅팀,대리,회사1,C040,언어 강좌 40,리더십,김강사,고급,2025-07-17,2025-07-17,2025-08-23,4,100,67.0,76.0,높음,합격
E00071,L0109,직원109,개발팀,사원,회사3,C048,기술 강좌 48,언어,정강사,고급,2026-04-21,2026-04-21,2026-04-30,10,100,71.0,80.0,낮음,합격
E00072,L0090,직원90,마케팅팀,사원,회사3,C020,직무 스킬 강좌 20,언어,최강사,중급,2025-07-11,2025-07-11,,2,78,,,,
E00073,L0079,직원79,개발팀,사원,회사1,C030,기본소양 강좌 30,기술,박강사,초급,2025-11-11,2025-11-11,2025-11-24,8,100,77.0,71.0,높음,합격
E00074,L0029,직원29,영업팀,사원,회사3,C012,기본소양 강좌 12,리더십,김강사,중급,2025-08-09,2025-08-09,,12,18,,,,
E00075,L0162,직원162,개발팀,주임,회사3,C044,기술 강좌 44,언어,김강사,중급,2026-02-04,2026-02-04,2026-04-02,8,100,98.0,85.0,낮음,합격
E00076,L0045,직원45,인사팀,과장,회사3,C042,직무 스킬 강좌 42,직무 스킬,김강사,고급,2025-11-17,2025-11-17,2025-12-16,2,100,72.0,97.0,보통,불합격
E00077,L0178,직원178,영업팀,과장,회사1,C005,기술 강좌 5,리더십,김강사,초급,2026-01-22,2026-01-22,,4,71,,,,
E00078,L0111,직원111,영업팀,부장,회사2,C015,직장 예절 강좌 15,언어,최강사,중급,2026-01-16,2026-01-16,,12,19,,,,
E00079,L0200,직원200,인사팀,사원,회사3,C017,직장 예절 강좌 17,기본소양,박강사,초급,2026-03-27,2026-03-27,,8,33,,,,
E00080,L0195,직원195,인사팀,사원,회사1,C046,기술 강좌 46,기본소양,이강사,초급,2025-07-22,2025-07-22,,4,47,,,,
E00081,L0172,직원172,마케팅팀,대리,회사1,C038,직무 스킬 강좌 38,언어,한강사,중급,2025-12-30,2025-12-30,2026-01-21,8,100,62.0,87.0,보통,합격
E00082,L0005,직원5,영업팀,과장,회사2,C007,직장 예절 강좌 7,직장 예절,박강사,고급,2026-02-07,,,2,0,,,,
E00083,L0096,직원96,인사팀,대리,회사3,C036,기본소양 강좌 36,언어,박강사,중급,2026-05-08,2026-05-08,2026-05-27,2,100,76.0,82.0,낮음,합격
E00084,L0041,직원41,재무팀,과장,회사2,C049,리더십 강좌 49,직장 예절,박강사,중급,2026-03-15,2026-03-15,,6,39,,,,
E00085,L0118,직원118,재무팀,사원,회사2,C050,언어 강좌 50,기술,박강사,중급,2026-05-09,2026-05-09,2026-05-16,12,100,65.0,82.0,보통,합격
E00086,L0169,직원169,마케팅팀,부장,회사1,C030,기본소양 강좌 30,기술,박강사,초급,2025-10-02,2025-10-02,,8,45,,,,
E00087,L0178,직원178,영업팀,과장,회사1,C019,직무 스킬 강좌 19,직무 스킬,한강사,중급,2025-09-15,2025-09-15,,4,47,,,,
E00088,L0066,직원66,기획팀,주임,회사3,C012,기본소양 강좌 12,리더십,김강사,중급,2026-03-18,2026-03-18,2026-04-13,12,100,74.0,91.0,높음,합격
E00089,L0060,직원60,재무팀,대리,회사3,C027,기술 강좌 27,기술,박강사,고급,2025-08-31,2025-08-31,,8,65,,,,
E00090,L0001,직원1,마케팅팀,부장,회사3,C045,기술 강좌 45,언어,한강사,초급,2025-09-13,,,2,0,,,,
E00091,L0042,직원42,기획팀,대리,회사2,C013,직무 스킬 강좌 13,리더십,김강사,중급,2026-05-05,2026-05-05,,2,44,,,,
E00092,L0012,직원12,개발팀,부장,회사3,C042,직무 스킬 강좌 42,직무 스킬,김강사,고급,2025-08-05,2025-08-05,2025-08-07,2,100,85.0,91.0,높음,합격
E00093,L0152,직원152,재무팀,대리,회사2,C042,직무 스킬 강좌 42,직무 스킬,김강사,고급,2025-12-29,2025-12-29,2025-12-31,2,100,94.0,94.0,보통,합격
E00094,L0147,직원147,마케팅팀,대리,회사1,C039,언어 강좌 39,언어,박강사,중급,2026-01-09,2026-01-09,,6,40,,,,
E00095,L0076,직원76,기획팀,대리,회사1,C007,직장 예절 강좌 7,직장 예절,박강사,고급,2025-12-29,2025-12-29,,2,87,,,,
E00096,L0043,직원43,마케팅팀,사원,회사2,C016,기본소양 강좌 16,리더십,정강사,중급,2026-03-27,2026-03-27,2026-04-14,4,100,75.0,88.0,높음,불합격
E00097,L0057,직원57,인사팀,부장,회사2,C036,기본소양 강좌 36,언어,박강사,중급,2026-05-14,2026-05-14,2026-07-09,2,100,73.0,89.0,보통,합격
E00098,L0037,직원37,재무팀,부장,회사3,C036,기본소양 강좌 36,언어,박강사,중급,2025-12-22,2025-12-22,2026-01-10,2,100,80.0,76.0,보통,합격
E00099,L0031,직원31,기획팀,부장,회사2,C041,직장 예절 강좌 41,언어,한강사,고급,2025-12-12,2025-12-12,,2,86,,,,
E00100,L0125,직원125,영업팀,사원,회사1,C035,기본소양 강좌 35,직장 예절,한강사,초급,2026-05-25,2026-05-25,,2,98,,,,
E00101,L0166,직원166,인사팀,사원,회사2,C018,기본소양 강좌 18,직장 예절,박강사,고급,2025-10-24,2025-10-24,,2,60,,,,
E00102,L0009,직원9,영업팀,과장,회사3,C009,직장 예절 강좌 9,언어,이강사,중급,2026-05-11,2026-05-11,2026-06-17,10,100,92.0,72.0,보통,합격
E00103,L0127,직원127,마케팅팀,과장,회사3,C010,언어 강좌 10,언어,이강사,중급,2025-09-20,2025-09-20,,8,80,,,,
E00104,L0174,직원174,인사팀,부장,회사2,C014,직장 예절 강좌 14,언어,김강사,초급,2025-10-25,2025-10-25,2025-11-18,4,100,74.0,71.0,높음,불합격
E00105,L0165,직원165,마케팅팀,과장,회사3,C035,기본소양 강좌 35,직장 예절,한강사,초급,2026-05-07,2026-05-07,2026-07-03,2,100,76.0,96.0,보통,합격
E00106,L0071,직원71,개발팀,과장,회사2,C014,직장 예절 강좌 14,언어,김강사,초급,2025-09-21,,,4,0,,,,
E00107,L0117,직원117,마케팅팀,주임,회사3,C018,기본소양 강좌 18,직장 예절,박강사,고급,2025-07-01,2025-07-01,,2,79,,,,
E00108,L0108,직원108,영업팀,과장,회사2,C020,직무 스킬 강좌 20,언어,최강사,중급,2026-03-13,2026-03-13,2026-03-15,2,100,74.0,78.0,높음,불합격
E00109,L0134,직원134,영업팀,주임,회사2,C046,기술 강좌 46,기본소양,이강사,초급,2025-12-07,2025-12-07,2025-12-24,4,100,99.0,87.0,보통,합격
E00110,L0015,직원15,재무팀,주임,회사3,C006,리더십 강좌 6,기본소양,정강사,초급,2026-03-29,2026-03-29,,4,67,,,,
E00111,L0156,직원156,인사팀,주임,회사2,C042,직무 스킬 강좌 42,직무 스킬,김강사,고급,2025-07-04,2025-07-04,,2,15,,,,
E00112,L0188,직원188,인사팀,대리,회사1,C029,직장 예절 강좌 29,리더십,박강사,초급,2025-07-06,2025-07-06,2025-08-08,10,100,71.0,98.0,보통,합격
E00113,L0102,직원102,기획팀,부장,회사2,C019,직무 스킬 강좌 19,직무 스킬,한강사,중급,2025-07-18,2025-07-18,,4,51,,,,
E00114,L0129,직원129,재무팀,과장,회사1,C023,리더십 강좌 23,직장 예절,박강사,중급,2025-11-05,2025-11-05,2026-01-02,10,100,86.0,81.0,낮음,합격
E00115,L0162,직원162,개발팀,주임,회사3,C017,직장 예절 강좌 17,기본소양,박강사,초급,2025-08-10,2025-08-10,,8,91,,,,
E00116,L0195,직원195,인사팀,사원,회사1,C050,언어 강좌 50,기술,박강사,중급,2026-03-02,2026-03-02,,12,20,,,,
E00117,L0136,직원136,마케팅팀,주임,회사1,C039,언어 강좌 39,언어,박강사,중급,2025-07-26,2025-07-26,,6,96,,,,
E00118,L0026,직원26,인사팀,과장,회사3,C028,직무 스킬 강좌 28,기본소양,한강사,중급,2025-10-26,2025-10-26,,6,48,,,,
E00119,L0083,직원83,기획팀,사원,회사3,C038,직무 스킬 강좌 38,언어,한강사,중급,2026-05-26,2026-05-26,2026-06-26,8,100,63.0,79.0,낮음,합격
E00120,L0104,직원104,기획팀,대리,회사1,C004,기술 강좌 4,기본소양,이강사,초급,2026-02-26,2026-02-26,,6,27,,,,
E00121,L0056,직원56,마케팅팀,대리,회사3,C044,기술 강좌 44,언어,김강사,중급,2025-10-18,2025-10-18,2025-12-09,8,100,78.0,98.0,낮음,합격
E00122,L0024,직원24,인사팀,부장,회사1,C046,기술 강좌 46,기본소양,이강사,초급,2026-01-02,2026-01-02,,4,43,,,,
E00123,L0164,직원164,영업팀,과장,회사2,C004,기술 강좌 4,기본소양,이강사,초급,2026-03-06,2026-03-06,,6,10,,,,
E00124,L0039,직원39,개발팀,대리,회사2,C004,기술 강좌 4,기본소양,이강사,초급,2025-12-27,2025-12-27,2026-02-08,6,100,95.0,90.0,높음,불합격
E00125,L0067,직원67,마케팅팀,주임,회사1,C020,직무 스킬 강좌 20,언어,최강사,중급,2025-08-12,2025-08-12,,2,41,,,,
E00126,L0015,직원15,재무팀,주임,회사3,C012,기본소양 강좌 12,리더십,김강사,중급,2025-06-16,2025-06-16,2025-08-03,12,100,82.0,83.0,높음,합격
E00127,L0154,직원154,마케팅팀,사원,회사2,C018,기본소양 강좌 18,직장 예절,박강사,고급,2025-09-16,2025-09-16,,2,76,,,,
E00128,L0187,직원187,인사팀,대리,회사2,C035,기본소양 강좌 35,직장 예절,한강사,초급,2025-10-21,2025-10-21,,2,78,,,,
E00129,L0162,직원162,개발팀,주임,회사3,C042,직무 스킬 강좌 42,직무 스킬,김강사,고급,2025-08-07,2025-08-07,2025-08-17,2,100,66.0,92.0,낮음,합격
E00130,L0170,직원170,재무팀,부장,회사2,C001,언어 강좌 1,언어,한강사,고급,2025-12-24,2025-12-24,2026-01-27,4,100,95.0,93.0,보통,합격
E00131,L0064,직원64,영업팀,사원,회사1,C014,직장 예절 강좌 14,언어,김강사,초급,2025-09-23,2025-09-23,,4,95,,,,
E00132,L0081,직원81,기획팀,부장,회사2,C001,언어 강좌 1,언어,한강사,고급,2026-04-08,2026-04-08,,4,69,,,,
E00133,L0095,직원95,영업팀,주임,회사1,C027,기술 강좌 27,기술,박강사,고급,2026-05-26,2026-05-26,2026-07-11,8,100,74.0,83.0,낮음,불합격
E00134,L0160,직원160,인사팀,부장,회사2,C049,리더십 강좌 49,직장 예절,박강사,중급,2025-06-11,2025-06-11,,6,49,,,,
E00135,L0129,직원129,재무팀,과장,회사1,C005,기술 강좌 5,리더십,김강사,초급,2026-05-29,2026-05-29,2026-07-06,4,100,71.0,83.0,높음,합격
E00136,L0181,직원181,재무팀,과장,회사1,C047,직무 스킬 강좌 47,기본소양,한강사,고급,2025-07-25,2025-07-25,,10,79,,,,
E00137,L0171,직원171,재무팀,대리,회사1,C008,직장 예절 강좌 8,기본소양,최강사,초급,2025-08-25,2025-08-25,2025-09-25,8,100,87.0,74.0,낮음,합격
E00138,L0126,직원126,마케팅팀,주임,회사3,C035,기본소양 강좌 35,직장 예절,한강사,초급,2026-04-19,2026-04-19,2026-04-19,2,100,86.0,84.0,낮음,합격
E00139,L0141,직원141,인사팀,부장,회사1,C038,직무 스킬 강좌 38,언어,한강사,중급,2026-05-26,2026-05-26,,8,61,,,,
E00140,L0174,직원174,인사팀,부장,회사2,C047,직무 스킬 강좌 47,기본소양,한강사,고급,2025-07-22,2025-07-22,,10,84,,,,
E00141,L0197,직원197,마케팅팀,주임,회사2,C002,기술 강좌 2,리더십,한강사,중급,2025-10-07,2025-10-07,,4,95,,,,
E00142,L0009,직원9,영업팀,과장,회사3,C043,직장 예절 강좌 43,기본소양,한강사,고급,2026-03-01,2026-03-01,,6,97,,,,
E00143,L0110,직원110,개발팀,과장,회사3,C038,직무 스킬 강좌 38,언어,한강사,중급,2025-09-20,2025-09-20,,8,49,,,,
E00144,L0072,직원72,인사팀,과장,회사1,C023,리더십 강좌 23,직장 예절,박강사,중급,2026-03-04,2026-03-04,2026-03-18,10,100,81.0,98.0,보통,불합격
E00145,L0096,직원96,인사팀,대리,회사3,C041,직장 예절 강좌 41,언어,한강사,고급,2026-02-18,2026-02-18,2026-03-08,2,100,88.0,78.0,높음,합격
E00146,L0126,직원126,마케팅팀,주임,회사3,C043,직장 예절 강좌 43,기본소양,한강사,고급,2026-01-31,2026-01-31,,6,42,,,,
E00147,L0040,직원40,영업팀,부장,회사1,C004,기술 강좌 4,기본소양,이강사,초급,2025-10-24,2025-10-24,,6,70,,,,
E00148,L0017,직원17,개발팀,사원,회사2,C035,기본소양 강좌 35,직장 예절,한강사,초급,2025-12-23,2025-12-23,,2,62,,,,
E00149,L0100,직원100,기획팀,과장,회사2,C012,기본소양 강좌 12,리더십,김강사,중급,2026-02-19,2026-02-19,,12,30,,,,
E00150,L0130,직원130,인사팀,주임,회사1,C021,언어 강좌 21,리더십,최강사,중급,2025-07-03,,,12,0,,,,
E00151,L0193,직원193,재무팀,부장,회사2,C001,언어 강좌 1,언어,한강사,고급,2025-10-01,2025-10-01,2025-10-08,4,100,87.0,81.0,낮음,합격
E00152,L0021,직원21,기획팀,과장,회사1,C033,리더십 강좌 33,리더십,정강사,중급,2026-04-29,2026-04-29,,4,20,,,,
E00153,L0102,직원102,기획팀,부장,회사2,C025,기술 강좌 25,기본소양,박강사,중급,2026-03-23,2026-03-23,2026-05-19,12,100,74.0,98.0,높음,합격
E00154,L0034,직원34,영업팀,대리,회사3,C026,직무 스킬 강좌 26,직장 예절,박강사,고급,2025-08-26,2025-08-26,2025-09-18,10,100,69.0,77.0,높음,합격
E00155,L0160,직원160,인사팀,부장,회사2,C023,리더십 강좌 23,직장 예절,박강사,중급,2026-03-03,2026-03-03,2026-04-27,10,100,78.0,77.0,높음,합격
E00156,L0162,직원162,개발팀,주임,회사3,C020,직무 스킬 강좌 20,언어,최강사,중급,2025-08-14,2025-08-14,,2,29,,,,
E00157,L0194,직원194,개발팀,사원,회사2,C036,기본소양 강좌 36,언어,박강사,중급,2025-06-21,2025-06-21,,2,80,,,,
E00158,L0175,직원175,개발팀,사원,회사2,C034,기술 강좌 34,직무 스킬,정강사,초급,2025-10-02,2025-10-02,2025-10-03,2,100,65.0,94.0,보통,합격
E00159,L0088,직원88,마케팅팀,사원,회사1,C025,기술 강좌 25,기본소양,박강사,중급,2025-08-06,2025-08-06,,12,84,,,,
E00160,L0079,직원79,개발팀,사원,회사1,C020,직무 스킬 강좌 20,언어,최강사,중급,2025-07-04,2025-07-04,,2,28,,,,
E00161,L0090,직원90,마케팅팀,사원,회사3,C017,직장 예절 강좌 17,기본소양,박강사,초급,2026-05-22,2026-05-22,2026-07-16,8,100,63.0,90.0,높음,합격
E00162,L0096,직원96,인사팀,대리,회사3,C044,기술 강좌 44,언어,김강사,중급,2025-07-12,2025-07-12,,8,34,,,,
E00163,L0097,직원97,재무팀,주임,회사2,C033,리더십 강좌 33,리더십,정강사,중급,2026-04-26,2026-04-26,2026-05-25,4,100,85.0,75.0,낮음,합격
E00164,L0095,직원95,영업팀,주임,회사1,C030,기본소양 강좌 30,기술,박강사,초급,2026-04-09,2026-04-09,2026-05-26,8,100,62.0,71.0,보통,합격
E00165,L0008,직원8,인사팀,대리,회사3,C045,기술 강좌 45,언어,한강사,초급,2026-04-26,,,2,0,,,,
E00166,L0010,직원10,기획팀,대리,회사3,C024,직무 스킬 강좌 24,언어,한강사,중급,2025-08-05,2025-08-05,2025-09-19,10,100,60.0,81.0,보통,합격
E00167,L0012,직원12,개발팀,부장,회사3,C006,리더십 강좌 6,기본소양,정강사,초급,2025-07-18,2025-07-18,2025-07-25,4,100,61.0,90.0,낮음,합격
E00168,L0085,직원85,마케팅팀,대리,회사1,C023,리더십 강좌 23,직장 예절,박강사,중급,2025-07-04,,,10,0,,,,
E00169,L0064,직원64,영업팀,사원,회사1,C027,기술 강좌 27,기술,박강사,고급,2026-04-15,2026-04-15,,8,47,,,,
E00170,L0149,직원149,재무팀,과장,회사3,C048,기술 강좌 48,언어,정강사,고급,2025-08-29,2025-08-29,2025-09-22,10,100,68.0,95.0,보통,합격
E00171,L0123,직원123,영업팀,부장,회사2,C032,직장 예절 강좌 32,기술,정강사,고급,2025-08-27,2025-08-27,2025-09-01,6,100,65.0,77.0,높음,합격
E00172,L0193,직원193,재무팀,부장,회사2,C034,기술 강좌 34,직무 스킬,정강사,초급,2026-04-03,,,2,0,,,,
E00173,L0114,직원114,기획팀,사원,회사1,C009,직장 예절 강좌 9,언어,이강사,중급,2026-02-08,2026-02-08,2026-02-10,10,100,65.0,96.0,보통,합격
E00174,L0038,직원38,재무팀,과장,회사3,C019,직무 스킬 강좌 19,직무 스킬,한강사,중급,2026-03-07,2026-03-07,2026-04-23,4,100,89.0,98.0,낮음,합격
E00175,L0076,직원76,기획팀,대리,회사1,C016,기본소양 강좌 16,리더십,정강사,중급,2026-02-22,2026-02-22,2026-03-26,4,100,68.0,76.0,높음,합격
E00176,L0183,직원183,영업팀,대리,회사1,C033,리더십 강좌 33,리더십,정강사,중급,2026-06-01,2026-06-01,,4,39,,,,
E00177,L0040,직원40,영업팀,부장,회사1,C045,기술 강좌 45,언어,한강사,초급,2025-09-15,,,2,0,,,,
E00178,L0120,직원120,기획팀,과장,회사2,C040,언어 강좌 40,리더십,김강사,고급,2025-10-02,2025-10-02,2025-11-06,4,100,98.0,91.0,낮음,합격
E00179,L0018,직원18,기획팀,주임,회사2,C039,언어 강좌 39,언어,박강사,중급,2025-10-02,2025-10-02,,6,93,,,,
E00180,L0019,직원19,재무팀,주임,회사2,C035,기본소양 강좌 35,직장 예절,한강사,초급,2025-12-29,2025-12-29,2026-01-06,2,100,96.0,74.0,낮음,합격
E00181,L0049,직원49,마케팅팀,사원,회사1,C046,기술 강좌 46,기본소양,이강사,초급,2025-09-12,2025-09-12,,4,23,,,,
E00182,L0086,직원86,인사팀,과장,회사2,C035,기본소양 강좌 35,직장 예절,한강사,초급,2025-07-16,2025-07-16,2025-08-08,2,100,76.0,92.0,보통,합격
E00183,L0052,직원52,인사팀,사원,회사1,C045,기술 강좌 45,언어,한강사,초급,2025-12-29,2025-12-29,,2,30,,,,
E00184,L0001,직원1,마케팅팀,부장,회사3,C042,직무 스킬 강좌 42,직무 스킬,김강사,고급,2026-05-24,2026-05-24,2026-07-04,2,100,90.0,81.0,보통,합격
E00185,L0119,직원119,마케팅팀,부장,회사1,C024,직무 스킬 강좌 24,언어,한강사,중급,2025-12-23,2025-12-23,2026-01-17,10,100,77.0,86.0,높음,합격
E00186,L0186,직원186,인사팀,사원,회사3,C041,직장 예절 강좌 41,언어,한강사,고급,2025-12-12,2025-12-12,2025-12-17,2,100,67.0,92.0,낮음,합격
E00187,L0070,직원70,인사팀,사원,회사3,C047,직무 스킬 강좌 47,기본소양,한강사,고급,2026-04-19,2026-04-19,2026-06-15,10,100,79.0,70.0,높음,합격
E00188,L0140,직원140,인사팀,대리,회사2,C040,언어 강좌 40,리더십,김강사,고급,2026-01-01,,,4,0,,,,
E00189,L0119,직원119,마케팅팀,부장,회사1,C014,직장 예절 강좌 14,언어,김강사,초급,2025-09-19,2025-09-19,,4,24,,,,
E00190,L0188,직원188,인사팀,대리,회사1,C025,기술 강좌 25,기본소양,박강사,중급,2025-07-12,2025-07-12,2025-09-06,12,100,91.0,72.0,보통,합격
E00191,L0093,직원93,영업팀,대리,회사2,C004,기술 강좌 4,기본소양,이강사,초급,2025-10-28,2025-10-28,,6,85,,,,
E00192,L0193,직원193,재무팀,부장,회사2,C039,언어 강좌 39,언어,박강사,중급,2025-11-25,2025-11-25,,6,42,,,,
E00193,L0096,직원96,인사팀,대리,회사3,C013,직무 스킬 강좌 13,리더십,김강사,중급,2026-01-16,2026-01-16,2026-01-22,2,100,97.0,92.0,보통,불합격
E00194,L0028,직원28,개발팀,사원,회사2,C044,기술 강좌 44,언어,김강사,중급,2025-10-18,2025-10-18,2025-10-20,8,100,93.0,97.0,보통,합격
E00195,L0094,직원94,영업팀,주임,회사3,C020,직무 스킬 강좌 20,언어,최강사,중급,2025-10-16,2025-10-16,,2,92,,,,
E00196,L0145,직원145,인사팀,과장,회사3,C010,언어 강좌 10,언어,이강사,중급,2026-02-08,2026-02-08,2026-04-02,8,100,76.0,85.0,낮음,합격
E00197,L0012,직원12,개발팀,부장,회사3,C036,기본소양 강좌 36,언어,박강사,중급,2025-11-07,2025-11-07,,2,61,,,,
E00198,L0018,직원18,기획팀,주임,회사2,C020,직무 스킬 강좌 20,언어,최강사,중급,2026-02-05,2026-02-05,2026-03-15,2,100,81.0,93.0,낮음,합격
E00199,L0084,직원84,인사팀,부장,회사3,C042,직무 스킬 강좌 42,직무 스킬,김강사,고급,2025-09-06,2025-09-06,2025-09-13,2,100,77.0,73.0,낮음,합격
E00200,L0011,직원11,마케팅팀,사원,회사1,C048,기술 강좌 48,언어,정강사,고급,2025-09-20,2025-09-20,,10,72,,,,
E00201,L0063,직원63,마케팅팀,사원,회사3,C023,리더십 강좌 23,직장 예절,박강사,중급,2026-01-16,2026-01-16,,10,41,,,,
E00202,L0006,직원6,마케팅팀,부장,회사2,C024,직무 스킬 강좌 24,언어,한강사,중급,2025-06-11,,,10,0,,,,
E00203,L0019,직원19,재무팀,주임,회사2,C029,직장 예절 강좌 29,리더십,박강사,초급,2026-06-10,2026-06-10,,10,70,,,,
E00204,L0156,직원156,인사팀,주임,회사2,C041,직장 예절 강좌 41,언어,한강사,고급,2026-05-19,2026-05-19,2026-06-02,2,100,69.0,72.0,낮음,합격
E00205,L0099,직원99,인사팀,과장,회사1,C023,리더십 강좌 23,직장 예절,박강사,중급,2025-08-15,,,10,0,,,,
E00206,L0039,직원39,개발팀,대리,회사2,C047,직무 스킬 강좌 47,기본소양,한강사,고급,2025-11-24,2025-11-24,2026-01-07,10,100,87.0,89.0,낮음,합격
E00207,L0103,직원103,영업팀,사원,회사2,C018,기본소양 강좌 18,직장 예절,박강사,고급,2025-12-06,2025-12-06,2025-12-17,2,100,70.0,86.0,높음,합격
E00208,L0041,직원41,재무팀,과장,회사2,C028,직무 스킬 강좌 28,기본소양,한강사,중급,2025-11-17,2025-11-17,2025-12-31,6,100,96.0,97.0,높음,합격
E00209,L0106,직원106,마케팅팀,부장,회사3,C045,기술 강좌 45,언어,한강사,초급,2025-12-04,,,2,0,,,,
E00210,L0075,직원75,재무팀,주임,회사2,C006,리더십 강좌 6,기본소양,정강사,초급,2026-01-04,2026-01-04,,4,22,,,,
E00211,L0137,직원137,개발팀,부장,회사1,C019,직무 스킬 강좌 19,직무 스킬,한강사,중급,2025-09-12,,,4,0,,,,
E00212,L0064,직원64,영업팀,사원,회사1,C039,언어 강좌 39,언어,박강사,중급,2025-06-21,2025-06-21,2025-07-19,6,100,64.0,89.0,보통,합격
E00213,L0192,직원192,재무팀,대리,회사1,C021,언어 강좌 21,리더십,최강사,중급,2025-10-06,2025-10-06,2025-12-01,12,100,73.0,76.0,높음,합격
E00214,L0132,직원132,영업팀,부장,회사3,C003,직장 예절 강좌 3,직장 예절,이강사,초급,2026-01-15,2026-01-15,2026-03-15,8,100,76.0,77.0,보통,합격
E00215,L0158,직원158,기획팀,대리,회사1,C027,기술 강좌 27,기술,박강사,고급,2026-04-15,2026-04-15,2026-05-31,8,100,61.0,75.0,낮음,합격
E00216,L0125,직원125,영업팀,사원,회사1,C034,기술 강좌 34,직무 스킬,정강사,초급,2025-07-01,2025-07-01,2025-07-10,2,100,66.0,71.0,보통,합격
E00217,L0008,직원8,인사팀,대리,회사3,C009,직장 예절 강좌 9,언어,이강사,중급,2025-11-24,2025-11-24,2025-12-18,10,100,65.0,74.0,낮음,합격
E00218,L0043,직원43,마케팅팀,사원,회사2,C034,기술 강좌 34,직무 스킬,정강사,초급,2026-05-15,2026-05-15,,2,43,,,,
E00219,L0144,직원144,기획팀,부장,회사3,C020,직무 스킬 강좌 20,언어,최강사,중급,2026-02-27,2026-02-27,2026-03-11,2,100,72.0,74.0,높음,합격
E00220,L0027,직원27,개발팀,대리,회사3,C033,리더십 강좌 33,리더십,정강사,중급,2025-10-01,2025-10-01,2025-11-09,4,100,96.0,70.0,보통,합격
E00221,L0193,직원193,재무팀,부장,회사2,C018,기본소양 강좌 18,직장 예절,박강사,고급,2025-10-17,2025-10-17,2025-11-08,2,100,92.0,76.0,높음,합격
E00222,L0079,직원79,개발팀,사원,회사1,C014,직장 예절 강좌 14,언어,김강사,초급,2025-08-27,2025-08-27,,4,66,,,,
E00223,L0169,직원169,마케팅팀,부장,회사1,C024,직무 스킬 강좌 24,언어,한강사,중급,2026-05-07,2026-05-07,2026-06-22,10,100,96.0,76.0,낮음,합격
E00224,L0176,직원176,기획팀,과장,회사1,C020,직무 스킬 강좌 20,언어,최강사,중급,2026-04-04,2026-04-04,2026-05-30,2,100,62.0,77.0,높음,합격
E00225,L0070,직원70,인사팀,사원,회사3,C014,직장 예절 강좌 14,언어,김강사,초급,2025-12-29,2025-12-29,2026-01-04,4,100,67.0,73.0,높음,합격
E00226,L0006,직원6,마케팅팀,부장,회사2,C016,기본소양 강좌 16,리더십,정강사,중급,2025-11-12,2025-11-12,2025-12-17,4,100,96.0,78.0,낮음,합격
E00227,L0129,직원129,재무팀,과장,회사1,C017,직장 예절 강좌 17,기본소양,박강사,초급,2026-03-02,2026-03-02,2026-04-15,8,100,81.0,77.0,높음,합격
E00228,L0006,직원6,마케팅팀,부장,회사2,C042,직무 스킬 강좌 42,직무 스킬,김강사,고급,2026-01-23,2026-01-23,2026-02-01,2,100,65.0,89.0,높음,합격
E00229,L0071,직원71,개발팀,과장,회사2,C024,직무 스킬 강좌 24,언어,한강사,중급,2026-04-17,2026-04-17,2026-05-05,10,100,89.0,73.0,낮음,불합격
E00230,L0076,직원76,기획팀,대리,회사1,C041,직장 예절 강좌 41,언어,한강사,고급,2026-03-30,2026-03-30,,2,21,,,,
E00231,L0053,직원53,영업팀,주임,회사2,C023,리더십 강좌 23,직장 예절,박강사,중급,2025-12-20,2025-12-20,,10,78,,,,
E00232,L0090,직원90,마케팅팀,사원,회사3,C037,직장 예절 강좌 37,직무 스킬,한강사,초급,2026-05-31,2026-05-31,2026-07-15,8,100,88.0,80.0,낮음,합격
E00233,L0167,직원167,인사팀,과장,회사1,C027,기술 강좌 27,기술,박강사,고급,2025-11-15,2025-11-15,2025-12-23,8,100,90.0,80.0,보통,합격
E00234,L0057,직원57,인사팀,부장,회사2,C012,기본소양 강좌 12,리더십,김강사,중급,2026-03-28,2026-03-28,2026-05-22,12,100,91.0,86.0,높음,합격
E00235,L0091,직원91,재무팀,부장,회사3,C014,직장 예절 강좌 14,언어,김강사,초급,2025-09-06,2025-09-06,2025-10-12,4,100,66.0,98.0,높음,합격
E00236,L0047,직원47,재무팀,사원,회사2,C041,직장 예절 강좌 41,언어,한강사,고급,2026-05-17,2026-05-17,,2,64,,,,
E00237,L0179,직원179,인사팀,과장,회사3,C034,기술 강좌 34,직무 스킬,정강사,초급,2025-07-30,2025-07-30,2025-08-17,2,100,88.0,95.0,보통,합격
E00238,L0025,직원25,인사팀,사원,회사1,C046,기술 강좌 46,기본소양,이강사,초급,2025-08-12,2025-08-12,,4,98,,,,
E00239,L0057,직원57,인사팀,부장,회사2,C027,기술 강좌 27,기술,박강사,고급,2026-03-13,2026-03-13,2026-05-11,8,100,78.0,84.0,낮음,합격
E00240,L0056,직원56,마케팅팀,대리,회사3,C001,언어 강좌 1,언어,한강사,고급,2025-06-16,2025-06-16,2025-07-29,4,100,92.0,78.0,높음,불합격
E00241,L0026,직원26,인사팀,과장,회사3,C014,직장 예절 강좌 14,언어,김강사,초급,2025-12-28,,,4,0,,,,
E00242,L0032,직원32,개발팀,대리,회사1,C045,기술 강좌 45,언어,한강사,초급,2025-12-06,2025-12-06,2025-12-24,2,100,79.0,70.0,높음,합격
E00243,L0180,직원180,기획팀,사원,회사1,C002,기술 강좌 2,리더십,한강사,중급,2025-11-07,2025-11-07,,4,54,,,,
E00244,L0106,직원106,마케팅팀,부장,회사3,C043,직장 예절 강좌 43,기본소양,한강사,고급,2025-07-27,2025-07-27,2025-09-04,6,100,90.0,94.0,보통,합격
E00245,L0052,직원52,인사팀,사원,회사1,C015,직장 예절 강좌 15,언어,최강사,중급,2026-05-27,2026-05-27,2026-06-16,12,100,78.0,78.0,낮음,합격
E00246,L0085,직원85,마케팅팀,대리,회사1,C040,언어 강좌 40,리더십,김강사,고급,2026-04-27,,,4,0,,,,
E00247,L0134,직원134,영업팀,주임,회사2,C017,직장 예절 강좌 17,기본소양,박강사,초급,2026-04-03,2026-04-03,2026-05-30,8,100,90.0,73.0,보통,불합격
E00248,L0178,직원178,영업팀,과장,회사1,C038,직무 스킬 강좌 38,언어,한강사,중급,2025-11-21,2025-11-21,2025-12-20,8,100,75.0,85.0,높음,합격
E00249,L0057,직원57,인사팀,부장,회사2,C038,직무 스킬 강좌 38,언어,한강사,중급,2025-07-27,2025-07-27,,8,15,,,,
E00250,L0098,직원98,개발팀,주임,회사2,C004,기술 강좌 4,기본소양,이강사,초급,2026-06-06,2026-06-06,,6,95,,,,
E00251,L0060,직원60,재무팀,대리,회사3,C049,리더십 강좌 49,직장 예절,박강사,중급,2025-09-18,2025-09-18,,6,14,,,,
E00252,L0044,직원44,인사팀,사원,회사2,C011,언어 강좌 11,기본소양,김강사,초급,2025-07-02,2025-07-02,,10,52,,,,
E00253,L0143,직원143,기획팀,사원,회사1,C042,직무 스킬 강좌 42,직무 스킬,김강사,고급,2026-01-27,2026-01-27,,2,67,,,,
E00254,L0009,직원9,영업팀,과장,회사3,C006,리더십 강좌 6,기본소양,정강사,초급,2026-01-17,2026-01-17,2026-02-15,4,100,97.0,77.0,보통,합격
E00255,L0122,직원122,기획팀,부장,회사2,C030,기본소양 강좌 30,기술,박강사,초급,2025-08-26,2025-08-26,,8,64,,,,
E00256,L0029,직원29,영업팀,사원,회사3,C049,리더십 강좌 49,직장 예절,박강사,중급,2025-10-03,2025-10-03,,6,68,,,,
E00257,L0144,직원144,기획팀,부장,회사3,C018,기본소양 강좌 18,직장 예절,박강사,고급,2025-08-31,2025-08-31,2025-09-28,2,100,78.0,88.0,낮음,불합격
E00258,L0017,직원17,개발팀,사원,회사2,C003,직장 예절 강좌 3,직장 예절,이강사,초급,2025-06-24,2025-06-24,,8,72,,,,
E00259,L0183,직원183,영업팀,대리,회사1,C015,직장 예절 강좌 15,언어,최강사,중급,2026-03-09,2026-03-09,,12,62,,,,
E00260,L0103,직원103,영업팀,사원,회사2,C010,언어 강좌 10,언어,이강사,중급,2025-09-21,2025-09-21,2025-09-26,8,100,63.0,74.0,보통,합격
E00261,L0162,직원162,개발팀,주임,회사3,C021,언어 강좌 21,리더십,최강사,중급,2026-04-16,2026-04-16,2026-05-01,12,100,91.0,72.0,낮음,합격
E00262,L0198,직원198,기획팀,대리,회사1,C007,직장 예절 강좌 7,직장 예절,박강사,고급,2025-11-06,2025-11-06,,2,30,,,,
E00263,L0157,직원157,영업팀,부장,회사1,C026,직무 스킬 강좌 26,직장 예절,박강사,고급,2026-03-06,2026-03-06,,10,32,,,,
E00264,L0102,직원102,기획팀,부장,회사2,C003,직장 예절 강좌 3,직장 예절,이강사,초급,2025-07-05,2025-07-05,,8,87,,,,
E00265,L0162,직원162,개발팀,주임,회사3,C017,직장 예절 강좌 17,기본소양,박강사,초급,2025-10-07,2025-10-07,,8,36,,,,
E00266,L0112,직원112,인사팀,과장,회사2,C038,직무 스킬 강좌 38,언어,한강사,중급,2025-10-17,2025-10-17,,8,46,,,,
E00267,L0119,직원119,마케팅팀,부장,회사1,C050,언어 강좌 50,기술,박강사,중급,2025-09-27,2025-09-27,,12,65,,,,
E00268,L0107,직원107,개발팀,과장,회사1,C049,리더십 강좌 49,직장 예절,박강사,중급,2025-11-30,2025-11-30,,6,59,,,,
E00269,L0113,직원113,영업팀,사원,회사2,C003,직장 예절 강좌 3,직장 예절,이강사,초급,2025-12-24,2025-12-24,,8,42,,,,
E00270,L0137,직원137,개발팀,부장,회사1,C002,기술 강좌 2,리더십,한강사,중급,2026-05-24,2026-05-24,,4,13,,,,
E00271,L0032,직원32,개발팀,대리,회사1,C008,직장 예절 강좌 8,기본소양,최강사,초급,2026-01-02,,,8,0,,,,
E00272,L0097,직원97,재무팀,주임,회사2,C021,언어 강좌 21,리더십,최강사,중급,2025-10-07,2025-10-07,2025-11-04,12,100,77.0,99.0,높음,합격
E00273,L0026,직원26,인사팀,과장,회사3,C008,직장 예절 강좌 8,기본소양,최강사,초급,2025-08-29,,,8,0,,,,
E00274,L0054,직원54,재무팀,사원,회사2,C021,언어 강좌 21,리더십,최강사,중급,2025-08-27,2025-08-27,2025-09-20,12,100,74.0,80.0,높음,합격
E00275,L0061,직원61,마케팅팀,대리,회사3,C043,직장 예절 강좌 43,기본소양,한강사,고급,2026-03-25,2026-03-25,,6,85,,,,
E00276,L0132,직원132,영업팀,부장,회사3,C048,기술 강좌 48,언어,정강사,고급,2026-01-05,2026-01-05,2026-01-23,10,100,94.0,83.0,보통,합격
E00277,L0143,직원143,기획팀,사원,회사1,C023,리더십 강좌 23,직장 예절,박강사,중급,2026-04-20,2026-04-20,2026-04-30,10,100,73.0,87.0,낮음,합격
E00278,L0013,직원13,영업팀,과장,회사2,C050,언어 강좌 50,기술,박강사,중급,2026-03-22,2026-03-22,,12,68,,,,
E00279,L0163,직원163,기획팀,대리,회사1,C026,직무 스킬 강좌 26,직장 예절,박강사,고급,2025-06-29,2025-06-29,2025-07-26,10,100,94.0,84.0,낮음,합격
E00280,L0173,직원173,영업팀,사원,회사2,C017,직장 예절 강좌 17,기본소양,박강사,초급,2025-11-19,2025-11-19,2025-11-26,8,100,80.0,73.0,낮음,합격
E00281,L0176,직원176,기획팀,과장,회사1,C006,리더십 강좌 6,기본소양,정강사,초급,2025-09-08,2025-09-08,,4,21,,,,
E00282,L0136,직원136,마케팅팀,주임,회사1,C049,리더십 강좌 49,직장 예절,박강사,중급,2026-03-03,2026-03-03,2026-04-05,6,100,99.0,98.0,낮음,합격
E00283,L0125,직원125,영업팀,사원,회사1,C035,기본소양 강좌 35,직장 예절,한강사,초급,2025-08-29,2025-08-29,2025-10-14,2,100,70.0,91.0,높음,합격
E00284,L0022,직원22,재무팀,주임,회사2,C010,언어 강좌 10,언어,이강사,중급,2026-05-15,2026-05-15,2026-06-05,8,100,64.0,82.0,보통,불합격
E00285,L0114,직원114,기획팀,사원,회사1,C005,기술 강좌 5,리더십,김강사,초급,2025-08-29,2025-08-29,,4,18,,,,
E00286,L0074,직원74,기획팀,사원,회사1,C001,언어 강좌 1,언어,한강사,고급,2025-06-14,2025-06-14,2025-06-29,4,100,78.0,96.0,보통,합격
E00287,L0164,직원164,영업팀,과장,회사2,C042,직무 스킬 강좌 42,직무 스킬,김강사,고급,2025-12-03,2025-12-03,2025-12-25,2,100,63.0,80.0,보통,합격
E00288,L0017,직원17,개발팀,사원,회사2,C003,직장 예절 강좌 3,직장 예절,이강사,초급,2025-09-27,2025-09-27,2025-11-25,8,100,75.0,93.0,보통,합격
E00289,L0118,직원118,재무팀,사원,회사2,C040,언어 강좌 40,리더십,김강사,고급,2025-07-21,2025-07-21,2025-09-02,4,100,65.0,93.0,낮음,합격
E00290,L0192,직원192,재무팀,대리,회사1,C043,직장 예절 강좌 43,기본소양,한강사,고급,2026-05-16,2026-05-16,,6,21,,,,
E00291,L0182,직원182,재무팀,대리,회사2,C039,언어 강좌 39,언어,박강사,중급,2025-07-03,2025-07-03,2025-08-03,6,100,64.0,85.0,보통,불합격
E00292,L0071,직원71,개발팀,과장,회사2,C003,직장 예절 강좌 3,직장 예절,이강사,초급,2025-10-29,2025-10-29,2025-11-21,8,100,80.0,94.0,보통,합격
E00293,L0105,직원105,재무팀,과장,회사1,C029,직장 예절 강좌 29,리더십,박강사,초급,2026-01-20,2026-01-20,2026-01-22,10,100,95.0,94.0,보통,합격
E00294,L0174,직원174,인사팀,부장,회사2,C043,직장 예절 강좌 43,기본소양,한강사,고급,2026-03-08,2026-03-08,2026-03-12,6,100,89.0,83.0,낮음,합격
E00295,L0125,직원125,영업팀,사원,회사1,C046,기술 강좌 46,기본소양,이강사,초급,2026-05-01,2026-05-01,,4,77,,,,
E00296,L0172,직원172,마케팅팀,대리,회사1,C026,직무 스킬 강좌 26,직장 예절,박강사,고급,2025-06-16,2025-06-16,2025-06-21,10,100,71.0,77.0,높음,합격
E00297,L0156,직원156,인사팀,주임,회사2,C011,언어 강좌 11,기본소양,김강사,초급,2026-04-12,2026-04-12,,10,16,,,,
E00298,L0126,직원126,마케팅팀,주임,회사3,C048,기술 강좌 48,언어,정강사,고급,2026-04-26,2026-04-26,2026-05-28,10,100,75.0,71.0,높음,합격
E00299,L0149,직원149,재무팀,과장,회사3,C044,기술 강좌 44,언어,김강사,중급,2026-01-23,2026-01-23,2026-02-27,8,100,63.0,91.0,낮음,합격
E00300,L0118,직원118,재무팀,사원,회사2,C044,기술 강좌 44,언어,김강사,중급,2026-02-15,,,8,0,,,,
E00301,L0130,직원130,인사팀,주임,회사1,C034,기술 강좌 34,직무 스킬,정강사,초급,2026-03-05,2026-03-05,2026-03-14,2,100,79.0,79.0,높음,합격
E00302,L0155,직원155,기획팀,부장,회사2,C017,직장 예절 강좌 17,기본소양,박강사,초급,2025-09-20,2025-09-20,2025-09-29,8,100,76.0,96.0,보통,합격
E00303,L0158,직원158,기획팀,대리,회사1,C018,기본소양 강좌 18,직장 예절,박강사,고급,2025-12-18,2025-12-18,,2,71,,,,
E00304,L0073,직원73,마케팅팀,과장,회사3,C026,직무 스킬 강좌 26,직장 예절,박강사,고급,2026-04-25,2026-04-25,2026-06-13,10,100,62.0,80.0,낮음,합격
E00305,L0135,직원135,영업팀,대리,회사3,C034,기술 강좌 34,직무 스킬,정강사,초급,2026-03-20,2026-03-20,2026-05-10,2,100,85.0,90.0,높음,합격
E00306,L0065,직원65,인사팀,주임,회사3,C017,직장 예절 강좌 17,기본소양,박강사,초급,2025-08-05,2025-08-05,,8,92,,,,
E00307,L0112,직원112,인사팀,과장,회사2,C020,직무 스킬 강좌 20,언어,최강사,중급,2026-04-15,2026-04-15,2026-05-26,2,100,83.0,88.0,보통,합격
E00308,L0003,직원3,개발팀,대리,회사1,C042,직무 스킬 강좌 42,직무 스킬,김강사,고급,2025-09-06,2025-09-06,2025-10-14,2,100,65.0,82.0,보통,합격
E00309,L0163,직원163,기획팀,대리,회사1,C046,기술 강좌 46,기본소양,이강사,초급,2026-05-15,2026-05-15,,4,74,,,,
E00310,L0188,직원188,인사팀,대리,회사1,C018,기본소양 강좌 18,직장 예절,박강사,고급,2026-03-20,2026-03-20,,2,55,,,,
E00311,L0183,직원183,영업팀,대리,회사1,C047,직무 스킬 강좌 47,기본소양,한강사,고급,2025-07-11,2025-07-11,,10,23,,,,
E00312,L0050,직원50,영업팀,과장,회사2,C007,직장 예절 강좌 7,직장 예절,박강사,고급,2026-02-25,2026-02-25,,2,28,,,,
E00313,L0187,직원187,인사팀,대리,회사2,C017,직장 예절 강좌 17,기본소양,박강사,초급,2026-05-19,2026-05-19,,8,84,,,,
E00314,L0069,직원69,기획팀,과장,회사3,C014,직장 예절 강좌 14,언어,김강사,초급,2026-01-23,2026-01-23,2026-03-08,4,100,72.0,94.0,높음,합격
E00315,L0151,직원151,영업팀,주임,회사3,C006,리더십 강좌 6,기본소양,정강사,초급,2026-05-04,2026-05-04,,4,86,,,,
E00316,L0136,직원136,마케팅팀,주임,회사1,C016,기본소양 강좌 16,리더십,정강사,중급,2025-07-11,2025-07-11,,4,33,,,,
E00317,L0164,직원164,영업팀,과장,회사2,C030,기본소양 강좌 30,기술,박강사,초급,2026-01-30,2026-01-30,,8,33,,,,
E00318,L0044,직원44,인사팀,사원,회사2,C036,기본소양 강좌 36,언어,박강사,중급,2026-04-25,2026-04-25,2026-04-28,2,100,88.0,77.0,보통,합격
E00319,L0107,직원107,개발팀,과장,회사1,C022,기술 강좌 22,직장 예절,이강사,초급,2026-03-04,2026-03-04,2026-04-15,2,100,62.0,80.0,보통,합격
E00320,L0106,직원106,마케팅팀,부장,회사3,C003,직장 예절 강좌 3,직장 예절,이강사,초급,2025-11-17,2025-11-17,,8,94,,,,
E00321,L0046,직원46,기획팀,대리,회사2,C018,기본소양 강좌 18,직장 예절,박강사,고급,2026-02-25,2026-02-25,2026-04-01,2,100,84.0,96.0,높음,합격
E00322,L0099,직원99,인사팀,과장,회사1,C013,직무 스킬 강좌 13,리더십,김강사,중급,2026-04-05,2026-04-05,,2,78,,,,
E00323,L0163,직원163,기획팀,대리,회사1,C006,리더십 강좌 6,기본소양,정강사,초급,2026-03-30,2026-03-30,2026-05-28,4,100,62.0,71.0,높음,합격
E00324,L0199,직원199,기획팀,과장,회사3,C035,기본소양 강좌 35,직장 예절,한강사,초급,2026-05-06,2026-05-06,,2,47,,,,
E00325,L0144,직원144,기획팀,부장,회사3,C025,기술 강좌 25,기본소양,박강사,중급,2025-11-10,2025-11-10,,12,17,,,,
E00326,L0197,직원197,마케팅팀,주임,회사2,C016,기본소양 강좌 16,리더십,정강사,중급,2025-09-05,2025-09-05,,4,70,,,,
E00327,L0046,직원46,기획팀,대리,회사2,C032,직장 예절 강좌 32,기술,정강사,고급,2025-08-10,2025-08-10,2025-09-01,6,100,60.0,75.0,높음,합격
E00328,L0072,직원72,인사팀,과장,회사1,C004,기술 강좌 4,기본소양,이강사,초급,2026-01-15,2026-01-15,2026-02-20,6,100,80.0,76.0,보통,합격
E00329,L0013,직원13,영업팀,과장,회사2,C002,기술 강좌 2,리더십,한강사,중급,2025-12-20,,,4,0,,,,
E00330,L0101,직원101,영업팀,대리,회사2,C033,리더십 강좌 33,리더십,정강사,중급,2026-02-02,2026-02-02,2026-02-10,4,100,73.0,83.0,보통,합격
E00331,L0130,직원130,인사팀,주임,회사1,C049,리더십 강좌 49,직장 예절,박강사,중급,2025-10-15,,,6,0,,,,
E00332,L0153,직원153,마케팅팀,사원,회사2,C003,직장 예절 강좌 3,직장 예절,이강사,초급,2026-01-16,2026-01-16,,8,38,,,,
E00333,L0135,직원135,영업팀,대리,회사3,C015,직장 예절 강좌 15,언어,최강사,중급,2025-09-13,2025-09-13,,12,40,,,,
E00334,L0019,직원19,재무팀,주임,회사2,C035,기본소양 강좌 35,직장 예절,한강사,초급,2025-12-25,2025-12-25,,2,72,,,,
E00335,L0015,직원15,재무팀,주임,회사3,C009,직장 예절 강좌 9,언어,이강사,중급,2026-03-30,2026-03-30,2026-04-03,10,100,86.0,92.0,낮음,합격
E00336,L0123,직원123,영업팀,부장,회사2,C035,기본소양 강좌 35,직장 예절,한강사,초급,2025-10-26,2025-10-26,2025-12-12,2,100,60.0,87.0,낮음,합격
E00337,L0017,직원17,개발팀,사원,회사2,C021,언어 강좌 21,리더십,최강사,중급,2025-06-27,2025-06-27,,12,60,,,,
E00338,L0005,직원5,영업팀,과장,회사2,C024,직무 스킬 강좌 24,언어,한강사,중급,2025-06-25,2025-06-25,2025-07-29,10,100,66.0,81.0,낮음,합격
E00339,L0108,직원108,영업팀,과장,회사2,C042,직무 스킬 강좌 42,직무 스킬,김강사,고급,2026-03-19,2026-03-19,,2,74,,,,
E00340,L0141,직원141,인사팀,부장,회사1,C034,기술 강좌 34,직무 스킬,정강사,초급,2026-05-14,,,2,0,,,,
E00341,L0033,직원33,기획팀,대리,회사1,C045,기술 강좌 45,언어,한강사,초급,2025-06-19,2025-06-19,2025-08-05,2,100,62.0,98.0,낮음,합격
E00342,L0073,직원73,마케팅팀,과장,회사3,C049,리더십 강좌 49,직장 예절,박강사,중급,2025-10-29,2025-10-29,2025-12-15,6,100,96.0,94.0,보통,합격
E00343,L0182,직원182,재무팀,대리,회사2,C019,직무 스킬 강좌 19,직무 스킬,한강사,중급,2026-04-27,2026-04-27,,4,81,,,,
E00344,L0117,직원117,마케팅팀,주임,회사3,C046,기술 강좌 46,기본소양,이강사,초급,2025-06-15,2025-06-15,,4,13,,,,
E00345,L0124,직원124,마케팅팀,주임,회사3,C014,직장 예절 강좌 14,언어,김강사,초급,2025-09-16,2025-09-16,,4,43,,,,
E00346,L0080,직원80,마케팅팀,대리,회사2,C018,기본소양 강좌 18,직장 예절,박강사,고급,2025-06-14,2025-06-14,,2,85,,,,
E00347,L0038,직원38,재무팀,과장,회사3,C050,언어 강좌 50,기술,박강사,중급,2026-04-01,2026-04-01,2026-04-04,12,100,60.0,98.0,보통,합격
E00348,L0189,직원189,재무팀,사원,회사1,C030,기본소양 강좌 30,기술,박강사,초급,2025-12-18,2025-12-18,2026-02-04,8,100,77.0,97.0,보통,합격
E00349,L0117,직원117,마케팅팀,주임,회사3,C015,직장 예절 강좌 15,언어,최강사,중급,2026-02-22,2026-02-22,,12,65,,,,
E00350,L0152,직원152,재무팀,대리,회사2,C001,언어 강좌 1,언어,한강사,고급,2025-07-16,2025-07-16,2025-07-20,4,100,63.0,98.0,낮음,합격
E00351,L0110,직원110,개발팀,과장,회사3,C029,직장 예절 강좌 29,리더십,박강사,초급,2026-06-04,2026-06-04,2026-06-11,10,100,90.0,70.0,높음,합격
E00352,L0119,직원119,마케팅팀,부장,회사1,C050,언어 강좌 50,기술,박강사,중급,2026-04-14,2026-04-14,,12,48,,,,
E00353,L0115,직원115,인사팀,부장,회사3,C007,직장 예절 강좌 7,직장 예절,박강사,고급,2025-08-26,2025-08-26,,2,22,,,,
E00354,L0109,직원109,개발팀,사원,회사3,C002,기술 강좌 2,리더십,한강사,중급,2026-02-25,2026-02-25,,4,65,,,,
E00355,L0136,직원136,마케팅팀,주임,회사1,C049,리더십 강좌 49,직장 예절,박강사,중급,2025-10-14,2025-10-14,2025-12-01,6,100,78.0,87.0,높음,합격
E00356,L0034,직원34,영업팀,대리,회사3,C050,언어 강좌 50,기술,박강사,중급,2026-03-02,2026-03-02,2026-04-26,12,100,74.0,80.0,높음,불합격
E00357,L0194,직원194,개발팀,사원,회사2,C027,기술 강좌 27,기술,박강사,고급,2026-04-20,2026-04-20,2026-05-14,8,100,94.0,89.0,낮음,합격
E00358,L0040,직원40,영업팀,부장,회사1,C045,기술 강좌 45,언어,한강사,초급,2025-12-19,2025-12-19,2026-01-20,2,100,73.0,79.0,높음,합격
E00359,L0133,직원133,인사팀,주임,회사1,C016,기본소양 강좌 16,리더십,정강사,중급,2025-10-28,2025-10-28,,4,25,,,,
E00360,L0196,직원196,재무팀,과장,회사2,C008,직장 예절 강좌 8,기본소양,최강사,초급,2026-02-22,,,8,0,,,,
E00361,L0149,직원149,재무팀,과장,회사3,C019,직무 스킬 강좌 19,직무 스킬,한강사,중급,2026-05-07,2026-05-07,,4,60,,,,
E00362,L0076,직원76,기획팀,대리,회사1,C037,직장 예절 강좌 37,직무 스킬,한강사,초급,2025-08-24,,,8,0,,,,
E00363,L0127,직원127,마케팅팀,과장,회사3,C042,직무 스킬 강좌 42,직무 스킬,김강사,고급,2026-01-21,2026-01-21,2026-02-18,2,100,89.0,84.0,보통,합격
E00364,L0184,직원184,인사팀,주임,회사2,C041,직장 예절 강좌 41,언어,한강사,고급,2026-04-22,2026-04-22,,2,10,,,,
E00365,L0098,직원98,개발팀,주임,회사2,C043,직장 예절 강좌 43,기본소양,한강사,고급,2026-06-05,2026-06-05,2026-07-12,6,100,76.0,81.0,높음,합격
E00366,L0114,직원114,기획팀,사원,회사1,C038,직무 스킬 강좌 38,언어,한강사,중급,2026-03-04,2026-03-04,2026-03-29,8,100,82.0,78.0,보통,불합격
E00367,L0042,직원42,기획팀,대리,회사2,C035,기본소양 강좌 35,직장 예절,한강사,초급,2026-01-31,2026-01-31,2026-03-10,2,100,70.0,81.0,높음,합격
E00368,L0189,직원189,재무팀,사원,회사1,C035,기본소양 강좌 35,직장 예절,한강사,초급,2026-05-14,2026-05-14,,2,65,,,,
E00369,L0002,직원2,재무팀,부장,회사2,C038,직무 스킬 강좌 38,언어,한강사,중급,2026-04-27,2026-04-27,2026-05-10,8,100,69.0,76.0,보통,합격
E00370,L0053,직원53,영업팀,주임,회사2,C041,직장 예절 강좌 41,언어,한강사,고급,2025-07-25,2025-07-25,,2,31,,,,
E00371,L0080,직원80,마케팅팀,대리,회사2,C022,기술 강좌 22,직장 예절,이강사,초급,2026-05-08,2026-05-08,,2,38,,,,
E00372,L0195,직원195,인사팀,사원,회사1,C017,직장 예절 강좌 17,기본소양,박강사,초급,2025-12-02,,,8,0,,,,
E00373,L0131,직원131,재무팀,과장,회사2,C044,기술 강좌 44,언어,김강사,중급,2025-07-12,2025-07-12,,8,79,,,,
E00374,L0197,직원197,마케팅팀,주임,회사2,C030,기본소양 강좌 30,기술,박강사,초급,2025-10-12,,,8,0,,,,
E00375,L0188,직원188,인사팀,대리,회사1,C046,기술 강좌 46,기본소양,이강사,초급,2025-08-26,2025-08-26,,4,62,,,,
E00376,L0122,직원122,기획팀,부장,회사2,C009,직장 예절 강좌 9,언어,이강사,중급,2025-07-19,2025-07-19,2025-07-29,10,100,91.0,89.0,높음,합격
E00377,L0139,직원139,재무팀,사원,회사3,C049,리더십 강좌 49,직장 예절,박강사,중급,2025-11-12,,,6,0,,,,
E00378,L0106,직원106,마케팅팀,부장,회사3,C046,기술 강좌 46,기본소양,이강사,초급,2025-12-19,2025-12-19,2026-01-05,4,100,93.0,84.0,낮음,불합격
E00379,L0124,직원124,마케팅팀,주임,회사3,C043,직장 예절 강좌 43,기본소양,한강사,고급,2026-03-14,2026-03-14,2026-04-13,6,100,77.0,97.0,낮음,합격
E00380,L0041,직원41,재무팀,과장,회사2,C009,직장 예절 강좌 9,언어,이강사,중급,2026-03-15,2026-03-15,2026-05-07,10,100,73.0,70.0,보통,합격
E00381,L0089,직원89,인사팀,부장,회사3,C028,직무 스킬 강좌 28,기본소양,한강사,중급,2025-11-24,2025-11-24,2026-01-22,6,100,77.0,76.0,높음,합격
E00382,L0111,직원111,영업팀,부장,회사2,C050,언어 강좌 50,기술,박강사,중급,2026-03-28,2026-03-28,,12,38,,,,
E00383,L0063,직원63,마케팅팀,사원,회사3,C022,기술 강좌 22,직장 예절,이강사,초급,2025-09-18,2025-09-18,2025-10-17,2,100,84.0,83.0,높음,합격
E00384,L0054,직원54,재무팀,사원,회사2,C002,기술 강좌 2,리더십,한강사,중급,2026-06-08,2026-06-08,2026-06-29,4,100,93.0,90.0,보통,합격
E00385,L0104,직원104,기획팀,대리,회사1,C022,기술 강좌 22,직장 예절,이강사,초급,2025-06-29,2025-06-29,2025-08-06,2,100,78.0,96.0,낮음,합격
E00386,L0195,직원195,인사팀,사원,회사1,C019,직무 스킬 강좌 19,직무 스킬,한강사,중급,2026-04-23,2026-04-23,,4,22,,,,
E00387,L0087,직원87,재무팀,부장,회사3,C048,기술 강좌 48,언어,정강사,고급,2025-10-13,2025-10-13,2025-10-29,10,100,72.0,85.0,보통,합격
E00388,L0083,직원83,기획팀,사원,회사3,C043,직장 예절 강좌 43,기본소양,한강사,고급,2025-12-02,2025-12-02,,6,64,,,,
E00389,L0162,직원162,개발팀,주임,회사3,C009,직장 예절 강좌 9,언어,이강사,중급,2026-02-10,2026-02-10,2026-03-06,10,100,86.0,86.0,높음,불합격
E00390,L0023,직원23,인사팀,과장,회사1,C048,기술 강좌 48,언어,정강사,고급,2025-08-30,2025-08-30,2025-09-14,10,100,72.0,89.0,낮음,합격
E00391,L0041,직원41,재무팀,과장,회사2,C013,직무 스킬 강좌 13,리더십,김강사,중급,2026-05-10,,,2,0,,,,
E00392,L0160,직원160,인사팀,부장,회사2,C008,직장 예절 강좌 8,기본소양,최강사,초급,2026-03-12,2026-03-12,,8,77,,,,
E00393,L0146,직원146,마케팅팀,사원,회사2,C011,언어 강좌 11,기본소양,김강사,초급,2025-09-24,2025-09-24,,10,32,,,,
E00394,L0159,직원159,인사팀,과장,회사3,C022,기술 강좌 22,직장 예절,이강사,초급,2026-02-27,2026-02-27,2026-03-14,2,100,86.0,93.0,보통,합격
E00395,L0147,직원147,마케팅팀,대리,회사1,C043,직장 예절 강좌 43,기본소양,한강사,고급,2025-06-25,,,6,0,,,,
E00396,L0125,직원125,영업팀,사원,회사1,C018,기본소양 강좌 18,직장 예절,박강사,고급,2026-05-09,2026-05-09,2026-05-22,2,100,99.0,89.0,낮음,합격
E00397,L0160,직원160,인사팀,부장,회사2,C049,리더십 강좌 49,직장 예절,박강사,중급,2025-08-27,2025-08-27,2025-09-10,6,100,94.0,99.0,보통,합격
E00398,L0151,직원151,영업팀,주임,회사3,C010,언어 강좌 10,언어,이강사,중급,2025-06-23,2025-06-23,,8,49,,,,
E00399,L0028,직원28,개발팀,사원,회사2,C006,리더십 강좌 6,기본소양,정강사,초급,2026-04-17,,,4,0,,,,
E00400,L0075,직원75,재무팀,주임,회사2,C031,기술 강좌 31,직무 스킬,이강사,중급,2025-08-15,2025-08-15,2025-09-24,12,100,79.0,90.0,낮음,합격
E00401,L0043,직원43,마케팅팀,사원,회사2,C038,직무 스킬 강좌 38,언어,한강사,중급,2025-09-20,,,8,0,,,,
E00402,L0161,직원161,마케팅팀,대리,회사2,C015,직장 예절 강좌 15,언어,최강사,중급,2025-10-15,2025-10-15,,12,85,,,,
E00403,L0081,직원81,기획팀,부장,회사2,C019,직무 스킬 강좌 19,직무 스킬,한강사,중급,2026-03-13,2026-03-13,,4,85,,,,
E00404,L0006,직원6,마케팅팀,부장,회사2,C023,리더십 강좌 23,직장 예절,박강사,중급,2025-08-11,2025-08-11,,10,81,,,,
E00405,L0061,직원61,마케팅팀,대리,회사3,C039,언어 강좌 39,언어,박강사,중급,2025-12-05,2025-12-05,2026-01-22,6,100,62.0,84.0,높음,합격
E00406,L0107,직원107,개발팀,과장,회사1,C031,기술 강좌 31,직무 스킬,이강사,중급,2025-08-18,2025-08-18,,12,47,,,,
E00407,L0070,직원70,인사팀,사원,회사3,C018,기본소양 강좌 18,직장 예절,박강사,고급,2026-03-01,2026-03-01,2026-03-17,2,100,69.0,87.0,보통,합격
E00408,L0012,직원12,개발팀,부장,회사3,C004,기술 강좌 4,기본소양,이강사,초급,2025-08-21,2025-08-21,2025-09-04,6,100,91.0,73.0,보통,합격
E00409,L0134,직원134,영업팀,주임,회사2,C026,직무 스킬 강좌 26,직장 예절,박강사,고급,2025-06-19,2025-06-19,2025-08-05,10,100,79.0,98.0,높음,합격
E00410,L0154,직원154,마케팅팀,사원,회사2,C028,직무 스킬 강좌 28,기본소양,한강사,중급,2026-01-24,2026-01-24,2026-03-13,6,100,94.0,94.0,보통,합격
E00411,L0004,직원4,마케팅팀,대리,회사1,C011,언어 강좌 11,기본소양,김강사,초급,2025-09-24,2025-09-24,2025-10-09,10,100,71.0,83.0,낮음,합격
E00412,L0157,직원157,영업팀,부장,회사1,C040,언어 강좌 40,리더십,김강사,고급,2025-09-05,,,4,0,,,,
E00413,L0172,직원172,마케팅팀,대리,회사1,C010,언어 강좌 10,언어,이강사,중급,2025-12-16,2025-12-16,2026-02-13,8,100,79.0,91.0,보통,합격
E00414,L0103,직원103,영업팀,사원,회사2,C010,언어 강좌 10,언어,이강사,중급,2026-02-08,2026-02-08,,8,44,,,,
E00415,L0082,직원82,개발팀,대리,회사1,C027,기술 강좌 27,기술,박강사,고급,2025-07-30,2025-07-30,2025-09-09,8,100,88.0,80.0,낮음,합격
E00416,L0171,직원171,재무팀,대리,회사1,C050,언어 강좌 50,기술,박강사,중급,2026-04-14,2026-04-14,,12,16,,,,
E00417,L0008,직원8,인사팀,대리,회사3,C045,기술 강좌 45,언어,한강사,초급,2025-10-07,2025-10-07,2025-11-18,2,100,73.0,88.0,낮음,합격
E00418,L0172,직원172,마케팅팀,대리,회사1,C004,기술 강좌 4,기본소양,이강사,초급,2026-02-03,2026-02-03,2026-02-25,6,100,84.0,78.0,높음,합격
E00419,L0102,직원102,기획팀,부장,회사2,C038,직무 스킬 강좌 38,언어,한강사,중급,2026-02-01,2026-02-01,2026-03-07,8,100,91.0,78.0,보통,합격
E00420,L0171,직원171,재무팀,대리,회사1,C045,기술 강좌 45,언어,한강사,초급,2026-06-01,2026-06-01,2026-07-03,2,100,66.0,73.0,낮음,합격
E00421,L0029,직원29,영업팀,사원,회사3,C018,기본소양 강좌 18,직장 예절,박강사,고급,2025-10-13,2025-10-13,2025-11-24,2,100,90.0,71.0,보통,합격
E00422,L0009,직원9,영업팀,과장,회사3,C049,리더십 강좌 49,직장 예절,박강사,중급,2025-09-03,2025-09-03,,6,88,,,,
E00423,L0102,직원102,기획팀,부장,회사2,C028,직무 스킬 강좌 28,기본소양,한강사,중급,2026-01-29,2026-01-29,2026-02-28,6,100,95.0,98.0,높음,합격
E00424,L0040,직원40,영업팀,부장,회사1,C027,기술 강좌 27,기술,박강사,고급,2026-04-22,2026-04-22,,8,57,,,,
E00425,L0136,직원136,마케팅팀,주임,회사1,C039,언어 강좌 39,언어,박강사,중급,2026-06-08,2026-06-08,,6,88,,,,
E00426,L0037,직원37,재무팀,부장,회사3,C049,리더십 강좌 49,직장 예절,박강사,중급,2025-12-25,2025-12-25,2026-01-18,6,100,61.0,88.0,보통,합격
E00427,L0174,직원174,인사팀,부장,회사2,C021,언어 강좌 21,리더십,최강사,중급,2025-11-05,2025-11-05,,12,76,,,,
E00428,L0084,직원84,인사팀,부장,회사3,C009,직장 예절 강좌 9,언어,이강사,중급,2026-04-06,2026-04-06,2026-05-08,10,100,81.0,81.0,높음,합격
E00429,L0018,직원18,기획팀,주임,회사2,C002,기술 강좌 2,리더십,한강사,중급,2026-03-29,2026-03-29,2026-04-12,4,100,96.0,83.0,낮음,불합격
E00430,L0175,직원175,개발팀,사원,회사2,C025,기술 강좌 25,기본소양,박강사,중급,2026-02-09,2026-02-09,2026-02-10,12,100,68.0,93.0,낮음,합격
E00431,L0198,직원198,기획팀,대리,회사1,C028,직무 스킬 강좌 28,기본소양,한강사,중급,2025-06-15,2025-06-15,,6,16,,,,
E00432,L0089,직원89,인사팀,부장,회사3,C020,직무 스킬 강좌 20,언어,최강사,중급,2026-01-03,2026-01-03,,2,17,,,,
E00433,L0069,직원69,기획팀,과장,회사3,C002,기술 강좌 2,리더십,한강사,중급,2025-08-13,,,4,0,,,,
E00434,L0082,직원82,개발팀,대리,회사1,C047,직무 스킬 강좌 47,기본소양,한강사,고급,2026-01-04,,,10,0,,,,
E00435,L0184,직원184,인사팀,주임,회사2,C005,기술 강좌 5,리더십,김강사,초급,2026-02-23,2026-02-23,2026-04-03,4,100,82.0,74.0,보통,합격
E00436,L0044,직원44,인사팀,사원,회사2,C017,직장 예절 강좌 17,기본소양,박강사,초급,2026-04-23,2026-04-23,2026-04-24,8,100,91.0,90.0,낮음,합격
E00437,L0025,직원25,인사팀,사원,회사1,C042,직무 스킬 강좌 42,직무 스킬,김강사,고급,2026-04-19,2026-04-19,,2,78,,,,
E00438,L0023,직원23,인사팀,과장,회사1,C024,직무 스킬 강좌 24,언어,한강사,중급,2025-12-06,2025-12-06,,10,49,,,,
E00439,L0038,직원38,재무팀,과장,회사3,C011,언어 강좌 11,기본소양,김강사,초급,2026-01-29,2026-01-29,2026-03-12,10,100,77.0,95.0,보통,합격
E00440,L0128,직원128,마케팅팀,사원,회사3,C003,직장 예절 강좌 3,직장 예절,이강사,초급,2025-06-24,2025-06-24,,8,84,,,,
E00441,L0005,직원5,영업팀,과장,회사2,C037,직장 예절 강좌 37,직무 스킬,한강사,초급,2026-03-27,2026-03-27,,8,42,,,,
E00442,L0052,직원52,인사팀,사원,회사1,C007,직장 예절 강좌 7,직장 예절,박강사,고급,2025-12-13,2025-12-13,,2,36,,,,
E00443,L0090,직원90,마케팅팀,사원,회사3,C001,언어 강좌 1,언어,한강사,고급,2025-07-10,2025-07-10,2025-08-20,4,100,89.0,83.0,보통,합격
E00444,L0135,직원135,영업팀,대리,회사3,C010,언어 강좌 10,언어,이강사,중급,2025-12-20,2025-12-20,2026-01-22,8,100,64.0,70.0,낮음,합격
E00445,L0025,직원25,인사팀,사원,회사1,C041,직장 예절 강좌 41,언어,한강사,고급,2025-11-23,2025-11-23,,2,14,,,,
E00446,L0167,직원167,인사팀,과장,회사1,C039,언어 강좌 39,언어,박강사,중급,2026-02-10,2026-02-10,2026-03-19,6,100,72.0,88.0,높음,합격
E00447,L0067,직원67,마케팅팀,주임,회사1,C018,기본소양 강좌 18,직장 예절,박강사,고급,2025-06-30,2025-06-30,2025-08-20,2,100,91.0,71.0,낮음,불합격
E00448,L0115,직원115,인사팀,부장,회사3,C036,기본소양 강좌 36,언어,박강사,중급,2025-11-20,2025-11-20,2026-01-10,2,100,71.0,78.0,낮음,합격
E00449,L0044,직원44,인사팀,사원,회사2,C038,직무 스킬 강좌 38,언어,한강사,중급,2025-11-11,2025-11-11,,8,32,,,,
E00450,L0136,직원136,마케팅팀,주임,회사1,C016,기본소양 강좌 16,리더십,정강사,중급,2026-02-27,2026-02-27,2026-03-26,4,100,64.0,72.0,높음,합격
E00451,L0074,직원74,기획팀,사원,회사1,C032,직장 예절 강좌 32,기술,정강사,고급,2025-07-31,2025-07-31,2025-09-15,6,100,76.0,80.0,높음,합격
E00452,L0144,직원144,기획팀,부장,회사3,C022,기술 강좌 22,직장 예절,이강사,초급,2025-10-22,2025-10-22,,2,52,,,,
E00453,L0179,직원179,인사팀,과장,회사3,C048,기술 강좌 48,언어,정강사,고급,2025-08-16,,,10,0,,,,
E00454,L0138,직원138,재무팀,사원,회사2,C042,직무 스킬 강좌 42,직무 스킬,김강사,고급,2026-05-30,2026-05-30,,2,61,,,,
E00455,L0154,직원154,마케팅팀,사원,회사2,C049,리더십 강좌 49,직장 예절,박강사,중급,2025-11-05,2025-11-05,2025-11-21,6,100,72.0,77.0,보통,합격
E00456,L0002,직원2,재무팀,부장,회사2,C049,리더십 강좌 49,직장 예절,박강사,중급,2026-05-13,2026-05-13,,6,75,,,,
E00457,L0104,직원104,기획팀,대리,회사1,C036,기본소양 강좌 36,언어,박강사,중급,2026-03-01,2026-03-01,2026-04-11,2,100,61.0,78.0,낮음,합격
E00458,L0011,직원11,마케팅팀,사원,회사1,C011,언어 강좌 11,기본소양,김강사,초급,2025-10-03,2025-10-03,,10,49,,,,
E00459,L0169,직원169,마케팅팀,부장,회사1,C023,리더십 강좌 23,직장 예절,박강사,중급,2025-11-29,2025-11-29,2025-12-21,10,100,80.0,75.0,보통,합격
E00460,L0166,직원166,인사팀,사원,회사2,C047,직무 스킬 강좌 47,기본소양,한강사,고급,2025-07-27,2025-07-27,2025-07-28,10,100,69.0,81.0,높음,불합격
E00461,L0112,직원112,인사팀,과장,회사2,C002,기술 강좌 2,리더십,한강사,중급,2025-11-02,2025-11-02,2025-12-27,4,100,91.0,72.0,높음,합격
E00462,L0107,직원107,개발팀,과장,회사1,C044,기술 강좌 44,언어,김강사,중급,2025-10-16,2025-10-16,,8,14,,,,
E00463,L0004,직원4,마케팅팀,대리,회사1,C028,직무 스킬 강좌 28,기본소양,한강사,중급,2025-07-02,2025-07-02,,6,34,,,,
E00464,L0084,직원84,인사팀,부장,회사3,C005,기술 강좌 5,리더십,김강사,초급,2026-02-03,,,4,0,,,,
E00465,L0143,직원143,기획팀,사원,회사1,C034,기술 강좌 34,직무 스킬,정강사,초급,2026-02-04,2026-02-04,2026-03-19,2,100,69.0,83.0,높음,합격
E00466,L0112,직원112,인사팀,과장,회사2,C014,직장 예절 강좌 14,언어,김강사,초급,2025-11-30,2025-11-30,,4,61,,,,
E00467,L0120,직원120,기획팀,과장,회사2,C049,리더십 강좌 49,직장 예절,박강사,중급,2025-07-24,2025-07-24,,6,81,,,,
E00468,L0042,직원42,기획팀,대리,회사2,C014,직장 예절 강좌 14,언어,김강사,초급,2025-09-14,2025-09-14,2025-10-08,4,100,60.0,72.0,높음,합격
E00469,L0018,직원18,기획팀,주임,회사2,C020,직무 스킬 강좌 20,언어,최강사,중급,2026-04-06,2026-04-06,,2,50,,,,
E00470,L0025,직원25,인사팀,사원,회사1,C022,기술 강좌 22,직장 예절,이강사,초급,2025-11-22,2025-11-22,2025-11-28,2,100,95.0,77.0,높음,합격
E00471,L0200,직원200,인사팀,사원,회사3,C018,기본소양 강좌 18,직장 예절,박강사,고급,2026-01-06,2026-01-06,2026-01-10,2,100,70.0,89.0,낮음,합격
E00472,L0105,직원105,재무팀,과장,회사1,C013,직무 스킬 강좌 13,리더십,김강사,중급,2026-05-16,2026-05-16,2026-05-29,2,100,71.0,85.0,높음,합격
E00473,L0014,직원14,영업팀,주임,회사2,C036,기본소양 강좌 36,언어,박강사,중급,2025-10-29,2025-10-29,2025-12-24,2,100,70.0,83.0,낮음,불합격
E00474,L0033,직원33,기획팀,대리,회사1,C030,기본소양 강좌 30,기술,박강사,초급,2026-01-24,2026-01-24,2026-02-02,8,100,96.0,98.0,높음,합격
E00475,L0037,직원37,재무팀,부장,회사3,C030,기본소양 강좌 30,기술,박강사,초급,2025-12-31,2025-12-31,2026-01-30,8,100,99.0,71.0,보통,합격
E00476,L0131,직원131,재무팀,과장,회사2,C031,기술 강좌 31,직무 스킬,이강사,중급,2025-12-20,2025-12-20,2026-01-07,12,100,85.0,97.0,보통,합격
E00477,L0055,직원55,재무팀,과장,회사2,C038,직무 스킬 강좌 38,언어,한강사,중급,2025-11-20,2025-11-20,2025-12-14,8,100,93.0,93.0,낮음,합격
E00478,L0106,직원106,마케팅팀,부장,회사3,C003,직장 예절 강좌 3,직장 예절,이강사,초급,2025-11-08,2025-11-08,2025-12-31,8,100,70.0,94.0,낮음,합격
E00479,L0170,직원170,재무팀,부장,회사2,C046,기술 강좌 46,기본소양,이강사,초급,2026-05-01,2026-05-01,,4,45,,,,
E00480,L0136,직원136,마케팅팀,주임,회사1,C015,직장 예절 강좌 15,언어,최강사,중급,2025-10-31,2025-10-31,2025-11-14,12,100,69.0,72.0,높음,합격
E00481,L0173,직원173,영업팀,사원,회사2,C017,직장 예절 강좌 17,기본소양,박강사,초급,2025-08-28,2025-08-28,2025-09-16,8,100,66.0,84.0,보통,합격
E00482,L0059,직원59,인사팀,과장,회사2,C016,기본소양 강좌 16,리더십,정강사,중급,2026-01-06,2026-01-06,,4,15,,,,
E00483,L0029,직원29,영업팀,사원,회사3,C049,리더십 강좌 49,직장 예절,박강사,중급,2025-11-06,2025-11-06,,6,91,,,,
E00484,L0013,직원13,영업팀,과장,회사2,C026,직무 스킬 강좌 26,직장 예절,박강사,고급,2025-08-13,2025-08-13,,10,97,,,,
E00485,L0169,직원169,마케팅팀,부장,회사1,C013,직무 스킬 강좌 13,리더십,김강사,중급,2026-04-21,,,2,0,,,,
E00486,L0117,직원117,마케팅팀,주임,회사3,C001,언어 강좌 1,언어,한강사,고급,2026-02-18,2026-02-18,2026-03-16,4,100,71.0,94.0,낮음,합격
E00487,L0067,직원67,마케팅팀,주임,회사1,C040,언어 강좌 40,리더십,김강사,고급,2026-04-01,2026-04-01,,4,25,,,,
E00488,L0140,직원140,인사팀,대리,회사2,C002,기술 강좌 2,리더십,한강사,중급,2025-09-03,2025-09-03,,4,82,,,,
E00489,L0002,직원2,재무팀,부장,회사2,C028,직무 스킬 강좌 28,기본소양,한강사,중급,2026-01-12,2026-01-12,2026-02-17,6,100,68.0,83.0,높음,합격
E00490,L0175,직원175,개발팀,사원,회사2,C046,기술 강좌 46,기본소양,이강사,초급,2025-12-06,2025-12-06,,4,74,,,,
E00491,L0141,직원141,인사팀,부장,회사1,C012,기본소양 강좌 12,리더십,김강사,중급,2026-01-13,2026-01-13,2026-02-15,12,100,64.0,79.0,높음,합격
E00492,L0030,직원30,인사팀,과장,회사3,C034,기술 강좌 34,직무 스킬,정강사,초급,2025-10-19,2025-10-19,2025-12-13,2,100,95.0,95.0,보통,합격
E00493,L0072,직원72,인사팀,과장,회사1,C013,직무 스킬 강좌 13,리더십,김강사,중급,2025-07-30,,,2,0,,,,
E00494,L0117,직원117,마케팅팀,주임,회사3,C040,언어 강좌 40,리더십,김강사,고급,2025-11-03,,,4,0,,,,
E00495,L0135,직원135,영업팀,대리,회사3,C003,직장 예절 강좌 3,직장 예절,이강사,초급,2026-02-01,,,8,0,,,,
E00496,L0061,직원61,마케팅팀,대리,회사3,C005,기술 강좌 5,리더십,김강사,초급,2025-07-27,2025-07-27,,4,21,,,,
E00497,L0077,직원77,인사팀,과장,회사1,C034,기술 강좌 34,직무 스킬,정강사,초급,2026-03-13,2026-03-13,2026-05-10,2,100,91.0,89.0,보통,합격
E00498,L0048,직원48,마케팅팀,대리,회사1,C044,기술 강좌 44,언어,김강사,중급,2025-12-19,2025-12-19,2026-02-05,8,100,62.0,75.0,보통,합격
E00499,L0058,직원58,기획팀,대리,회사1,C046,기술 강좌 46,기본소양,이강사,초급,2025-06-26,2025-06-26,,4,26,,,,
E00500,L0007,직원7,기획팀,부장,회사1,C024,직무 스킬 강좌 24,언어,한강사,중급,2025-08-13,,,10,0,,,,
E00501,L0171,직원171,재무팀,대리,회사1,C035,기본소양 강좌 35,직장 예절,한강사,초급,2026-03-08,2026-03-08,2026-03-31,2,100,96.0,73.0,낮음,합격
E00502,L0177,직원177,영업팀,과장,회사2,C042,직무 스킬 강좌 42,직무 스킬,김강사,고급,2026-01-18,2026-01-18,2026-01-23,2,100,60.0,90.0,보통,합격
E00503,L0075,직원75,재무팀,주임,회사2,C043,직장 예절 강좌 43,기본소양,한강사,고급,2025-10-09,2025-10-09,,6,51,,,,
E00504,L0125,직원125,영업팀,사원,회사1,C011,언어 강좌 11,기본소양,김강사,초급,2025-10-03,2025-10-03,2025-11-15,10,100,67.0,81.0,낮음,합격
E00505,L0146,직원146,마케팅팀,사원,회사2,C048,기술 강좌 48,언어,정강사,고급,2026-03-06,2026-03-06,2026-03-30,10,100,67.0,83.0,보통,합격
E00506,L0149,직원149,재무팀,과장,회사3,C028,직무 스킬 강좌 28,기본소양,한강사,중급,2026-04-19,,,6,0,,,,
E00507,L0101,직원101,영업팀,대리,회사2,C005,기술 강좌 5,리더십,김강사,초급,2026-05-18,2026-05-18,2026-06-18,4,100,63.0,71.0,낮음,합격
E00508,L0031,직원31,기획팀,부장,회사2,C007,직장 예절 강좌 7,직장 예절,박강사,고급,2026-02-14,2026-02-14,,2,65,,,,
E00509,L0155,직원155,기획팀,부장,회사2,C011,언어 강좌 11,기본소양,김강사,초급,2025-07-06,2025-07-06,2025-07-12,10,100,89.0,94.0,보통,합격
E00510,L0057,직원57,인사팀,부장,회사2,C005,기술 강좌 5,리더십,김강사,초급,2025-06-11,2025-06-11,2025-07-24,4,100,84.0,80.0,보통,합격
E00511,L0046,직원46,기획팀,대리,회사2,C042,직무 스킬 강좌 42,직무 스킬,김강사,고급,2025-07-03,2025-07-03,,2,16,,,,
E00512,L0079,직원79,개발팀,사원,회사1,C021,언어 강좌 21,리더십,최강사,중급,2025-10-14,2025-10-14,,12,61,,,,
E00513,L0164,직원164,영업팀,과장,회사2,C044,기술 강좌 44,언어,김강사,중급,2026-03-06,2026-03-06,,8,43,,,,
E00514,L0051,직원51,영업팀,대리,회사1,C027,기술 강좌 27,기술,박강사,고급,2025-07-14,2025-07-14,,8,91,,,,
E00515,L0143,직원143,기획팀,사원,회사1,C008,직장 예절 강좌 8,기본소양,최강사,초급,2026-01-31,2026-01-31,2026-02-14,8,100,84.0,83.0,보통,합격
E00516,L0096,직원96,인사팀,대리,회사3,C008,직장 예절 강좌 8,기본소양,최강사,초급,2025-08-01,2025-08-01,,8,62,,,,
E00517,L0113,직원113,영업팀,사원,회사2,C012,기본소양 강좌 12,리더십,김강사,중급,2025-07-21,2025-07-21,,12,36,,,,
E00518,L0051,직원51,영업팀,대리,회사1,C043,직장 예절 강좌 43,기본소양,한강사,고급,2026-02-12,2026-02-12,2026-03-15,6,100,79.0,88.0,보통,합격
E00519,L0072,직원72,인사팀,과장,회사1,C042,직무 스킬 강좌 42,직무 스킬,김강사,고급,2025-06-20,,,2,0,,,,
E00520,L0113,직원113,영업팀,사원,회사2,C033,리더십 강좌 33,리더십,정강사,중급,2026-04-30,2026-04-30,2026-05-01,4,100,78.0,94.0,높음,불합격
E00521,L0140,직원140,인사팀,대리,회사2,C022,기술 강좌 22,직장 예절,이강사,초급,2025-11-08,2025-11-08,,2,31,,,,
E00522,L0065,직원65,인사팀,주임,회사3,C029,직장 예절 강좌 29,리더십,박강사,초급,2025-11-18,2025-11-18,,10,20,,,,
E00523,L0078,직원78,기획팀,부장,회사3,C009,직장 예절 강좌 9,언어,이강사,중급,2026-02-06,2026-02-06,2026-02-26,10,100,78.0,74.0,보통,합격
E00524,L0083,직원83,기획팀,사원,회사3,C013,직무 스킬 강좌 13,리더십,김강사,중급,2025-10-07,2025-10-07,2025-10-28,2,100,91.0,73.0,보통,합격
E00525,L0015,직원15,재무팀,주임,회사3,C045,기술 강좌 45,언어,한강사,초급,2026-05-06,2026-05-06,,2,45,,,,
E00526,L0069,직원69,기획팀,과장,회사3,C010,언어 강좌 10,언어,이강사,중급,2025-10-13,2025-10-13,2025-12-02,8,100,97.0,93.0,보통,합격
E00527,L0062,직원62,개발팀,과장,회사3,C004,기술 강좌 4,기본소양,이강사,초급,2025-06-21,2025-06-21,2025-06-23,6,100,80.0,74.0,낮음,합격
E00528,L0144,직원144,기획팀,부장,회사3,C021,언어 강좌 21,리더십,최강사,중급,2025-12-30,2025-12-30,2026-01-10,12,100,67.0,80.0,보통,불합격
E00529,L0189,직원189,재무팀,사원,회사1,C034,기술 강좌 34,직무 스킬,정강사,초급,2025-09-21,2025-09-21,,2,88,,,,
E00530,L0123,직원123,영업팀,부장,회사2,C012,기본소양 강좌 12,리더십,김강사,중급,2026-03-27,2026-03-27,,12,15,,,,
E00531,L0193,직원193,재무팀,부장,회사2,C038,직무 스킬 강좌 38,언어,한강사,중급,2025-06-20,2025-06-20,,8,20,,,,
E00532,L0073,직원73,마케팅팀,과장,회사3,C007,직장 예절 강좌 7,직장 예절,박강사,고급,2026-01-28,2026-01-28,,2,90,,,,
E00533,L0170,직원170,재무팀,부장,회사2,C006,리더십 강좌 6,기본소양,정강사,초급,2025-07-22,2025-07-22,,4,17,,,,
E00534,L0109,직원109,개발팀,사원,회사3,C012,기본소양 강좌 12,리더십,김강사,중급,2025-06-22,2025-06-22,,12,98,,,,
E00535,L0144,직원144,기획팀,부장,회사3,C009,직장 예절 강좌 9,언어,이강사,중급,2025-11-06,,,10,0,,,,
E00536,L0137,직원137,개발팀,부장,회사1,C009,직장 예절 강좌 9,언어,이강사,중급,2026-05-25,2026-05-25,2026-07-06,10,100,68.0,78.0,높음,합격
E00537,L0037,직원37,재무팀,부장,회사3,C023,리더십 강좌 23,직장 예절,박강사,중급,2025-12-06,2025-12-06,2026-01-21,10,100,95.0,88.0,높음,합격
E00538,L0016,직원16,마케팅팀,과장,회사3,C050,언어 강좌 50,기술,박강사,중급,2026-06-08,2026-06-08,2026-07-19,12,100,76.0,93.0,보통,합격
E00539,L0076,직원76,기획팀,대리,회사1,C010,언어 강좌 10,언어,이강사,중급,2026-02-16,2026-02-16,,8,20,,,,
E00540,L0145,직원145,인사팀,과장,회사3,C015,직장 예절 강좌 15,언어,최강사,중급,2025-11-27,2025-11-27,2026-01-23,12,100,97.0,73.0,낮음,합격
E00541,L0185,직원185,영업팀,대리,회사1,C011,언어 강좌 11,기본소양,김강사,초급,2026-03-19,2026-03-19,2026-04-30,10,100,60.0,81.0,높음,합격
E00542,L0045,직원45,인사팀,과장,회사3,C035,기본소양 강좌 35,직장 예절,한강사,초급,2025-07-07,2025-07-07,,2,98,,,,
E00543,L0083,직원83,기획팀,사원,회사3,C003,직장 예절 강좌 3,직장 예절,이강사,초급,2026-03-23,2026-03-23,2026-04-29,8,100,97.0,71.0,보통,합격
E00544,L0012,직원12,개발팀,부장,회사3,C044,기술 강좌 44,언어,김강사,중급,2025-08-09,2025-08-09,,8,35,,,,
E00545,L0105,직원105,재무팀,과장,회사1,C025,기술 강좌 25,기본소양,박강사,중급,2026-04-28,2026-04-28,2026-06-15,12,100,84.0,82.0,높음,합격
E00546,L0096,직원96,인사팀,대리,회사3,C024,직무 스킬 강좌 24,언어,한강사,중급,2026-01-07,2026-01-07,,10,77,,,,
E00547,L0035,직원35,영업팀,주임,회사3,C044,기술 강좌 44,언어,김강사,중급,2025-11-19,2025-11-19,,8,46,,,,
E00548,L0191,직원191,마케팅팀,사원,회사3,C031,기술 강좌 31,직무 스킬,이강사,중급,2026-04-30,2026-04-30,2026-05-22,12,100,93.0,96.0,낮음,합격
E00549,L0075,직원75,재무팀,주임,회사2,C008,직장 예절 강좌 8,기본소양,최강사,초급,2025-06-14,2025-06-14,,8,81,,,,
E00550,L0016,직원16,마케팅팀,과장,회사3,C035,기본소양 강좌 35,직장 예절,한강사,초급,2025-06-16,,,2,0,,,,
E00551,L0115,직원115,인사팀,부장,회사3,C039,언어 강좌 39,언어,박강사,중급,2026-06-07,2026-06-07,2026-06-08,6,100,93.0,83.0,낮음,합격
E00552,L0096,직원96,인사팀,대리,회사3,C044,기술 강좌 44,언어,김강사,중급,2025-08-28,2025-08-28,,8,17,,,,
E00553,L0004,직원4,마케팅팀,대리,회사1,C030,기본소양 강좌 30,기술,박강사,초급,2025-07-11,2025-07-11,2025-07-18,8,100,78.0,89.0,높음,합격
E00554,L0092,직원92,영업팀,사원,회사2,C048,기술 강좌 48,언어,정강사,고급,2025-10-01,2025-10-01,,10,25,,,,
E00555,L0072,직원72,인사팀,과장,회사1,C001,언어 강좌 1,언어,한강사,고급,2025-08-06,2025-08-06,2025-08-11,4,100,76.0,76.0,보통,합격
E00556,L0189,직원189,재무팀,사원,회사1,C044,기술 강좌 44,언어,김강사,중급,2026-03-09,,,8,0,,,,
E00557,L0155,직원155,기획팀,부장,회사2,C047,직무 스킬 강좌 47,기본소양,한강사,고급,2025-12-30,2025-12-30,2026-01-11,10,100,92.0,91.0,높음,합격
E00558,L0077,직원77,인사팀,과장,회사1,C015,직장 예절 강좌 15,언어,최강사,중급,2025-09-13,2025-09-13,2025-09-26,12,100,75.0,80.0,보통,합격
E00559,L0008,직원8,인사팀,대리,회사3,C005,기술 강좌 5,리더십,김강사,초급,2025-10-06,2025-10-06,,4,82,,,,
E00560,L0174,직원174,인사팀,부장,회사2,C013,직무 스킬 강좌 13,리더십,김강사,중급,2025-09-08,,,2,0,,,,
E00561,L0153,직원153,마케팅팀,사원,회사2,C024,직무 스킬 강좌 24,언어,한강사,중급,2026-05-01,,,10,0,,,,
E00562,L0141,직원141,인사팀,부장,회사1,C022,기술 강좌 22,직장 예절,이강사,초급,2025-08-03,2025-08-03,2025-09-08,2,100,61.0,74.0,보통,합격
E00563,L0103,직원103,영업팀,사원,회사2,C050,언어 강좌 50,기술,박강사,중급,2025-11-04,2025-11-04,2025-12-27,12,100,74.0,71.0,높음,합격
E00564,L0171,직원171,재무팀,대리,회사1,C033,리더십 강좌 33,리더십,정강사,중급,2025-07-28,2025-07-28,2025-09-21,4,100,93.0,86.0,높음,합격
E00565,L0183,직원183,영업팀,대리,회사1,C040,언어 강좌 40,리더십,김강사,고급,2026-05-11,2026-05-11,,4,87,,,,
E00566,L0020,직원20,영업팀,과장,회사3,C043,직장 예절 강좌 43,기본소양,한강사,고급,2026-03-17,2026-03-17,,6,40,,,,
E00567,L0093,직원93,영업팀,대리,회사2,C010,언어 강좌 10,언어,이강사,중급,2026-05-21,2026-05-21,2026-07-14,8,100,75.0,73.0,높음,합격
E00568,L0165,직원165,마케팅팀,과장,회사3,C034,기술 강좌 34,직무 스킬,정강사,초급,2026-04-16,2026-04-16,2026-05-31,2,100,92.0,91.0,낮음,합격
E00569,L0055,직원55,재무팀,과장,회사2,C048,기술 강좌 48,언어,정강사,고급,2026-02-04,,,10,0,,,,
E00570,L0082,직원82,개발팀,대리,회사1,C004,기술 강좌 4,기본소양,이강사,초급,2025-08-29,2025-08-29,2025-08-30,6,100,70.0,82.0,높음,합격
E00571,L0142,직원142,재무팀,사원,회사1,C035,기본소양 강좌 35,직장 예절,한강사,초급,2026-05-30,2026-05-30,2026-06-14,2,100,95.0,95.0,낮음,합격
E00572,L0113,직원113,영업팀,사원,회사2,C008,직장 예절 강좌 8,기본소양,최강사,초급,2025-08-10,2025-08-10,,8,15,,,,
E00573,L0166,직원166,인사팀,사원,회사2,C012,기본소양 강좌 12,리더십,김강사,중급,2026-05-22,2026-05-22,2026-05-23,12,100,67.0,89.0,높음,합격
E00574,L0189,직원189,재무팀,사원,회사1,C041,직장 예절 강좌 41,언어,한강사,고급,2025-07-04,,,2,0,,,,
E00575,L0062,직원62,개발팀,과장,회사3,C015,직장 예절 강좌 15,언어,최강사,중급,2026-01-23,2026-01-23,,12,43,,,,
E00576,L0047,직원47,재무팀,사원,회사2,C006,리더십 강좌 6,기본소양,정강사,초급,2025-10-08,2025-10-08,2025-10-21,4,100,75.0,86.0,높음,합격
E00577,L0014,직원14,영업팀,주임,회사2,C009,직장 예절 강좌 9,언어,이강사,중급,2026-04-20,,,10,0,,,,
E00578,L0088,직원88,마케팅팀,사원,회사1,C006,리더십 강좌 6,기본소양,정강사,초급,2025-08-18,2025-08-18,2025-10-08,4,100,95.0,89.0,낮음,합격
E00579,L0087,직원87,재무팀,부장,회사3,C026,직무 스킬 강좌 26,직장 예절,박강사,고급,2026-03-28,2026-03-28,2026-05-13,10,100,72.0,91.0,높음,합격
E00580,L0188,직원188,인사팀,대리,회사1,C044,기술 강좌 44,언어,김강사,중급,2025-10-27,2025-10-27,2025-10-29,8,100,71.0,75.0,낮음,불합격
E00581,L0055,직원55,재무팀,과장,회사2,C007,직장 예절 강좌 7,직장 예절,박강사,고급,2026-01-19,2026-01-19,,2,51,,,,
E00582,L0149,직원149,재무팀,과장,회사3,C039,언어 강좌 39,언어,박강사,중급,2026-01-22,2026-01-22,,6,72,,,,
E00583,L0075,직원75,재무팀,주임,회사2,C036,기본소양 강좌 36,언어,박강사,중급,2025-11-11,2025-11-11,,2,13,,,,
E00584,L0098,직원98,개발팀,주임,회사2,C043,직장 예절 강좌 43,기본소양,한강사,고급,2026-04-28,2026-04-28,2026-05-03,6,100,96.0,86.0,낮음,합격
E00585,L0037,직원37,재무팀,부장,회사3,C007,직장 예절 강좌 7,직장 예절,박강사,고급,2025-12-14,2025-12-14,2026-01-01,2,100,86.0,73.0,낮음,합격
E00586,L0018,직원18,기획팀,주임,회사2,C041,직장 예절 강좌 41,언어,한강사,고급,2026-03-25,2026-03-25,2026-04-19,2,100,73.0,77.0,보통,합격
E00587,L0153,직원153,마케팅팀,사원,회사2,C014,직장 예절 강좌 14,언어,김강사,초급,2026-05-11,2026-05-11,2026-06-01,4,100,94.0,94.0,보통,불합격
E00588,L0168,직원168,기획팀,부장,회사2,C042,직무 스킬 강좌 42,직무 스킬,김강사,고급,2025-07-03,2025-07-03,,2,84,,,,
E00589,L0155,직원155,기획팀,부장,회사2,C009,직장 예절 강좌 9,언어,이강사,중급,2026-03-22,2026-03-22,,10,62,,,,
E00590,L0053,직원53,영업팀,주임,회사2,C014,직장 예절 강좌 14,언어,김강사,초급,2025-10-23,2025-10-23,2025-11-11,4,100,80.0,83.0,낮음,합격
E00591,L0094,직원94,영업팀,주임,회사3,C034,기술 강좌 34,직무 스킬,정강사,초급,2025-08-12,2025-08-12,,2,91,,,,
E00592,L0093,직원93,영업팀,대리,회사2,C026,직무 스킬 강좌 26,직장 예절,박강사,고급,2025-12-26,2025-12-26,2026-02-04,10,100,63.0,92.0,보통,합격
E00593,L0181,직원181,재무팀,과장,회사1,C028,직무 스킬 강좌 28,기본소양,한강사,중급,2025-07-16,2025-07-16,,6,47,,,,
E00594,L0092,직원92,영업팀,사원,회사2,C012,기본소양 강좌 12,리더십,김강사,중급,2026-02-21,2026-02-21,2026-02-25,12,100,81.0,74.0,높음,합격
E00595,L0068,직원68,마케팅팀,과장,회사1,C013,직무 스킬 강좌 13,리더십,김강사,중급,2025-09-11,2025-09-11,2025-09-14,2,100,72.0,99.0,높음,합격
E00596,L0089,직원89,인사팀,부장,회사3,C002,기술 강좌 2,리더십,한강사,중급,2025-06-29,2025-06-29,2025-08-17,4,100,80.0,70.0,높음,합격
E00597,L0036,직원36,인사팀,과장,회사2,C034,기술 강좌 34,직무 스킬,정강사,초급,2026-03-06,2026-03-06,,2,37,,,,
E00598,L0128,직원128,마케팅팀,사원,회사3,C030,기본소양 강좌 30,기술,박강사,초급,2025-10-20,2025-10-20,,8,77,,,,
E00599,L0071,직원71,개발팀,과장,회사2,C014,직장 예절 강좌 14,언어,김강사,초급,2026-04-22,2026-04-22,2026-05-13,4,100,73.0,71.0,낮음,합격
E00600,L0151,직원151,영업팀,주임,회사3,C019,직무 스킬 강좌 19,직무 스킬,한강사,중급,2026-01-08,2026-01-08,2026-02-15,4,100,70.0,90.0,낮음,합격
E00601,L0090,직원90,마케팅팀,사원,회사3,C010,언어 강좌 10,언어,이강사,중급,2025-10-20,2025-10-20,2025-10-27,8,100,95.0,94.0,낮음,합격
E00602,L0023,직원23,인사팀,과장,회사1,C032,직장 예절 강좌 32,기술,정강사,고급,2025-10-10,2025-10-10,,6,74,,,,
E00603,L0184,직원184,인사팀,주임,회사2,C046,기술 강좌 46,기본소양,이강사,초급,2026-05-10,2026-05-10,,4,52,,,,
E00604,L0189,직원189,재무팀,사원,회사1,C047,직무 스킬 강좌 47,기본소양,한강사,고급,2025-12-17,2025-12-17,2025-12-26,10,100,91.0,81.0,보통,합격
E00605,L0142,직원142,재무팀,사원,회사1,C030,기본소양 강좌 30,기술,박강사,초급,2025-11-13,2025-11-13,2025-12-01,8,100,83.0,75.0,보통,합격
E00606,L0046,직원46,기획팀,대리,회사2,C010,언어 강좌 10,언어,이강사,중급,2026-03-16,2026-03-16,,8,67,,,,
E00607,L0075,직원75,재무팀,주임,회사2,C008,직장 예절 강좌 8,기본소양,최강사,초급,2025-09-23,,,8,0,,,,
E00608,L0189,직원189,재무팀,사원,회사1,C047,직무 스킬 강좌 47,기본소양,한강사,고급,2025-06-28,2025-06-28,2025-06-30,10,100,83.0,84.0,높음,합격
E00609,L0081,직원81,기획팀,부장,회사2,C011,언어 강좌 11,기본소양,김강사,초급,2026-01-02,2026-01-02,2026-02-07,10,100,75.0,97.0,보통,합격
E00610,L0066,직원66,기획팀,주임,회사3,C021,언어 강좌 21,리더십,최강사,중급,2025-06-27,2025-06-27,,12,21,,,,
E00611,L0148,직원148,재무팀,대리,회사3,C032,직장 예절 강좌 32,기술,정강사,고급,2025-10-27,2025-10-27,,6,23,,,,
E00612,L0022,직원22,재무팀,주임,회사2,C044,기술 강좌 44,언어,김강사,중급,2025-09-27,2025-09-27,,8,89,,,,
E00613,L0076,직원76,기획팀,대리,회사1,C050,언어 강좌 50,기술,박강사,중급,2025-12-31,2025-12-31,2026-02-24,12,100,65.0,80.0,높음,합격
E00614,L0095,직원95,영업팀,주임,회사1,C014,직장 예절 강좌 14,언어,김강사,초급,2026-03-16,2026-03-16,,4,12,,,,
E00615,L0150,직원150,인사팀,부장,회사2,C035,기본소양 강좌 35,직장 예절,한강사,초급,2026-05-29,,,2,0,,,,
E00616,L0016,직원16,마케팅팀,과장,회사3,C043,직장 예절 강좌 43,기본소양,한강사,고급,2026-04-19,,,6,0,,,,
E00617,L0198,직원198,기획팀,대리,회사1,C036,기본소양 강좌 36,언어,박강사,중급,2025-10-08,2025-10-08,,2,18,,,,
E00618,L0036,직원36,인사팀,과장,회사2,C030,기본소양 강좌 30,기술,박강사,초급,2025-06-25,2025-06-25,2025-08-05,8,100,94.0,95.0,높음,합격
E00619,L0079,직원79,개발팀,사원,회사1,C012,기본소양 강좌 12,리더십,김강사,중급,2026-05-09,2026-05-09,2026-06-12,12,100,76.0,80.0,낮음,합격
E00620,L0077,직원77,인사팀,과장,회사1,C026,직무 스킬 강좌 26,직장 예절,박강사,고급,2026-01-22,2026-01-22,2026-02-21,10,100,68.0,74.0,보통,합격
E00621,L0084,직원84,인사팀,부장,회사3,C010,언어 강좌 10,언어,이강사,중급,2026-03-17,,,8,0,,,,
E00622,L0020,직원20,영업팀,과장,회사3,C046,기술 강좌 46,기본소양,이강사,초급,2025-06-11,2025-06-11,,4,65,,,,
E00623,L0009,직원9,영업팀,과장,회사3,C004,기술 강좌 4,기본소양,이강사,초급,2026-02-07,2026-02-07,,6,40,,,,
E00624,L0107,직원107,개발팀,과장,회사1,C048,기술 강좌 48,언어,정강사,고급,2025-06-13,2025-06-13,2025-08-01,10,100,65.0,88.0,보통,합격
E00625,L0148,직원148,재무팀,대리,회사3,C004,기술 강좌 4,기본소양,이강사,초급,2026-05-29,2026-05-29,,6,83,,,,
E00626,L0008,직원8,인사팀,대리,회사3,C005,기술 강좌 5,리더십,김강사,초급,2025-11-23,2025-11-23,,4,92,,,,
E00627,L0128,직원128,마케팅팀,사원,회사3,C030,기본소양 강좌 30,기술,박강사,초급,2026-01-11,,,8,0,,,,
E00628,L0054,직원54,재무팀,사원,회사2,C024,직무 스킬 강좌 24,언어,한강사,중급,2025-09-15,,,10,0,,,,
E00629,L0010,직원10,기획팀,대리,회사3,C033,리더십 강좌 33,리더십,정강사,중급,2026-03-13,2026-03-13,2026-03-20,4,100,87.0,80.0,보통,합격
E00630,L0151,직원151,영업팀,주임,회사3,C004,기술 강좌 4,기본소양,이강사,초급,2026-04-13,2026-04-13,,6,61,,,,
E00631,L0054,직원54,재무팀,사원,회사2,C025,기술 강좌 25,기본소양,박강사,중급,2025-09-26,2025-09-26,2025-11-01,12,100,89.0,93.0,높음,합격
E00632,L0162,직원162,개발팀,주임,회사3,C025,기술 강좌 25,기본소양,박강사,중급,2025-12-17,2025-12-17,2026-02-10,12,100,76.0,94.0,보통,합격
E00633,L0105,직원105,재무팀,과장,회사1,C033,리더십 강좌 33,리더십,정강사,중급,2026-01-26,2026-01-26,2026-03-16,4,100,78.0,82.0,보통,합격
E00634,L0007,직원7,기획팀,부장,회사1,C019,직무 스킬 강좌 19,직무 스킬,한강사,중급,2025-06-22,2025-06-22,2025-07-28,4,100,61.0,85.0,보통,합격
E00635,L0088,직원88,마케팅팀,사원,회사1,C040,언어 강좌 40,리더십,김강사,고급,2026-03-28,2026-03-28,2026-04-19,4,100,61.0,75.0,낮음,합격
E00636,L0142,직원142,재무팀,사원,회사1,C040,언어 강좌 40,리더십,김강사,고급,2026-01-12,2026-01-12,2026-01-24,4,100,68.0,70.0,높음,합격
E00637,L0044,직원44,인사팀,사원,회사2,C035,기본소양 강좌 35,직장 예절,한강사,초급,2025-06-16,2025-06-16,,2,88,,,,
E00638,L0084,직원84,인사팀,부장,회사3,C038,직무 스킬 강좌 38,언어,한강사,중급,2025-08-27,2025-08-27,,8,32,,,,
E00639,L0144,직원144,기획팀,부장,회사3,C020,직무 스킬 강좌 20,언어,최강사,중급,2026-01-20,2026-01-20,2026-03-20,2,100,87.0,86.0,높음,합격
E00640,L0128,직원128,마케팅팀,사원,회사3,C048,기술 강좌 48,언어,정강사,고급,2025-08-04,2025-08-04,,10,87,,,,
E00641,L0185,직원185,영업팀,대리,회사1,C040,언어 강좌 40,리더십,김강사,고급,2025-11-18,,,4,0,,,,
E00642,L0093,직원93,영업팀,대리,회사2,C043,직장 예절 강좌 43,기본소양,한강사,고급,2025-11-03,2025-11-03,,6,71,,,,
E00643,L0061,직원61,마케팅팀,대리,회사3,C012,기본소양 강좌 12,리더십,김강사,중급,2025-10-20,2025-10-20,2025-11-30,12,100,96.0,70.0,낮음,합격
E00644,L0036,직원36,인사팀,과장,회사2,C035,기본소양 강좌 35,직장 예절,한강사,초급,2025-11-02,2025-11-02,,2,77,,,,
E00645,L0156,직원156,인사팀,주임,회사2,C011,언어 강좌 11,기본소양,김강사,초급,2026-03-13,2026-03-13,2026-03-20,10,100,89.0,75.0,높음,합격
E00646,L0133,직원133,인사팀,주임,회사1,C029,직장 예절 강좌 29,리더십,박강사,초급,2026-05-29,2026-05-29,2026-06-27,10,100,79.0,93.0,낮음,합격
E00647,L0083,직원83,기획팀,사원,회사3,C026,직무 스킬 강좌 26,직장 예절,박강사,고급,2026-03-08,2026-03-08,2026-03-29,10,100,82.0,76.0,낮음,합격
E00648,L0140,직원140,인사팀,대리,회사2,C008,직장 예절 강좌 8,기본소양,최강사,초급,2026-04-22,2026-04-22,,8,52,,,,
E00649,L0085,직원85,마케팅팀,대리,회사1,C015,직장 예절 강좌 15,언어,최강사,중급,2026-01-22,2026-01-22,2026-02-07,12,100,71.0,98.0,높음,합격
E00650,L0165,직원165,마케팅팀,과장,회사3,C013,직무 스킬 강좌 13,리더십,김강사,중급,2025-07-19,2025-07-19,2025-09-14,2,100,94.0,77.0,보통,불합격
E00651,L0178,직원178,영업팀,과장,회사1,C001,언어 강좌 1,언어,한강사,고급,2026-02-26,2026-02-26,2026-03-07,4,100,87.0,94.0,보통,합격
E00652,L0182,직원182,재무팀,대리,회사2,C003,직장 예절 강좌 3,직장 예절,이강사,초급,2026-03-24,2026-03-24,2026-04-04,8,100,62.0,81.0,보통,합격
E00653,L0086,직원86,인사팀,과장,회사2,C020,직무 스킬 강좌 20,언어,최강사,중급,2026-04-20,2026-04-20,,2,40,,,,
E00654,L0147,직원147,마케팅팀,대리,회사1,C004,기술 강좌 4,기본소양,이강사,초급,2025-09-22,2025-09-22,2025-10-25,6,100,98.0,81.0,높음,합격
E00655,L0139,직원139,재무팀,사원,회사3,C040,언어 강좌 40,리더십,김강사,고급,2026-04-27,2026-04-27,,4,48,,,,
E00656,L0180,직원180,기획팀,사원,회사1,C040,언어 강좌 40,리더십,김강사,고급,2026-04-30,2026-04-30,,4,38,,,,
E00657,L0135,직원135,영업팀,대리,회사3,C031,기술 강좌 31,직무 스킬,이강사,중급,2026-02-11,2026-02-11,2026-03-22,12,100,94.0,73.0,낮음,합격
E00658,L0183,직원183,영업팀,대리,회사1,C005,기술 강좌 5,리더십,김강사,초급,2026-02-21,2026-02-21,2026-03-01,4,100,68.0,75.0,높음,합격
E00659,L0143,직원143,기획팀,사원,회사1,C035,기본소양 강좌 35,직장 예절,한강사,초급,2025-09-28,2025-09-28,2025-11-15,2,100,67.0,80.0,보통,합격
E00660,L0113,직원113,영업팀,사원,회사2,C023,리더십 강좌 23,직장 예절,박강사,중급,2025-12-26,2025-12-26,,10,44,,,,
E00661,L0175,직원175,개발팀,사원,회사2,C018,기본소양 강좌 18,직장 예절,박강사,고급,2025-08-10,2025-08-10,,2,34,,,,
E00662,L0028,직원28,개발팀,사원,회사2,C049,리더십 강좌 49,직장 예절,박강사,중급,2025-07-16,2025-07-16,2025-07-30,6,100,77.0,71.0,높음,합격
E00663,L0179,직원179,인사팀,과장,회사3,C030,기본소양 강좌 30,기술,박강사,초급,2025-10-05,2025-10-05,,8,88,,,,
E00664,L0188,직원188,인사팀,대리,회사1,C023,리더십 강좌 23,직장 예절,박강사,중급,2026-01-21,2026-01-21,2026-03-04,10,100,65.0,72.0,높음,합격
E00665,L0041,직원41,재무팀,과장,회사2,C010,언어 강좌 10,언어,이강사,중급,2025-12-11,2025-12-11,,8,37,,,,
E00666,L0200,직원200,인사팀,사원,회사3,C027,기술 강좌 27,기술,박강사,고급,2025-11-04,2025-11-04,,8,39,,,,
E00667,L0085,직원85,마케팅팀,대리,회사1,C010,언어 강좌 10,언어,이강사,중급,2025-08-13,2025-08-13,2025-09-13,8,100,74.0,98.0,보통,합격
E00668,L0033,직원33,기획팀,대리,회사1,C013,직무 스킬 강좌 13,리더십,김강사,중급,2026-05-12,2026-05-12,,2,29,,,,
E00669,L0150,직원150,인사팀,부장,회사2,C044,기술 강좌 44,언어,김강사,중급,2026-01-29,2026-01-29,,8,84,,,,
E00670,L0017,직원17,개발팀,사원,회사2,C042,직무 스킬 강좌 42,직무 스킬,김강사,고급,2026-05-24,2026-05-24,,2,22,,,,
E00671,L0089,직원89,인사팀,부장,회사3,C024,직무 스킬 강좌 24,언어,한강사,중급,2025-09-25,2025-09-25,,10,20,,,,
E00672,L0149,직원149,재무팀,과장,회사3,C007,직장 예절 강좌 7,직장 예절,박강사,고급,2026-01-15,2026-01-15,2026-03-10,2,100,72.0,84.0,높음,합격
E00673,L0185,직원185,영업팀,대리,회사1,C002,기술 강좌 2,리더십,한강사,중급,2026-05-04,2026-05-04,2026-06-15,4,100,96.0,74.0,보통,불합격
E00674,L0061,직원61,마케팅팀,대리,회사3,C015,직장 예절 강좌 15,언어,최강사,중급,2025-07-16,2025-07-16,2025-07-20,12,100,82.0,96.0,보통,불합격
E00675,L0189,직원189,재무팀,사원,회사1,C031,기술 강좌 31,직무 스킬,이강사,중급,2025-08-29,2025-08-29,2025-10-21,12,100,93.0,85.0,낮음,합격
E00676,L0031,직원31,기획팀,부장,회사2,C032,직장 예절 강좌 32,기술,정강사,고급,2026-01-24,2026-01-24,,6,52,,,,
E00677,L0059,직원59,인사팀,과장,회사2,C040,언어 강좌 40,리더십,김강사,고급,2025-12-06,2025-12-06,,4,67,,,,
E00678,L0135,직원135,영업팀,대리,회사3,C023,리더십 강좌 23,직장 예절,박강사,중급,2026-03-05,2026-03-05,2026-03-26,10,100,97.0,97.0,보통,합격
E00679,L0161,직원161,마케팅팀,대리,회사2,C048,기술 강좌 48,언어,정강사,고급,2025-07-01,2025-07-01,2025-08-06,10,100,74.0,95.0,낮음,합격
E00680,L0179,직원179,인사팀,과장,회사3,C020,직무 스킬 강좌 20,언어,최강사,중급,2025-09-26,2025-09-26,2025-10-06,2,100,74.0,70.0,보통,합격
E00681,L0021,직원21,기획팀,과장,회사1,C029,직장 예절 강좌 29,리더십,박강사,초급,2025-07-17,2025-07-17,2025-09-01,10,100,65.0,91.0,높음,합격
E00682,L0077,직원77,인사팀,과장,회사1,C008,직장 예절 강좌 8,기본소양,최강사,초급,2026-03-08,2026-03-08,2026-03-24,8,100,98.0,91.0,낮음,합격
E00683,L0079,직원79,개발팀,사원,회사1,C031,기술 강좌 31,직무 스킬,이강사,중급,2026-05-13,2026-05-13,,12,93,,,,
E00684,L0046,직원46,기획팀,대리,회사2,C031,기술 강좌 31,직무 스킬,이강사,중급,2025-12-17,2025-12-17,2026-01-25,12,100,94.0,71.0,낮음,합격
E00685,L0029,직원29,영업팀,사원,회사3,C008,직장 예절 강좌 8,기본소양,최강사,초급,2026-02-25,2026-02-25,2026-04-02,8,100,70.0,91.0,보통,합격
E00686,L0100,직원100,기획팀,과장,회사2,C031,기술 강좌 31,직무 스킬,이강사,중급,2025-07-31,2025-07-31,,12,95,,,,
E00687,L0066,직원66,기획팀,주임,회사3,C023,리더십 강좌 23,직장 예절,박강사,중급,2026-04-08,2026-04-08,2026-05-24,10,100,73.0,83.0,높음,합격
E00688,L0126,직원126,마케팅팀,주임,회사3,C047,직무 스킬 강좌 47,기본소양,한강사,고급,2026-05-04,2026-05-04,,10,12,,,,
E00689,L0049,직원49,마케팅팀,사원,회사1,C011,언어 강좌 11,기본소양,김강사,초급,2026-03-28,2026-03-28,,10,26,,,,
E00690,L0048,직원48,마케팅팀,대리,회사1,C037,직장 예절 강좌 37,직무 스킬,한강사,초급,2025-07-06,2025-07-06,2025-07-31,8,100,90.0,92.0,보통,합격
E00691,L0179,직원179,인사팀,과장,회사3,C016,기본소양 강좌 16,리더십,정강사,중급,2025-09-25,2025-09-25,2025-09-29,4,100,96.0,78.0,높음,합격
E00692,L0117,직원117,마케팅팀,주임,회사3,C029,직장 예절 강좌 29,리더십,박강사,초급,2026-01-31,2026-01-31,2026-02-03,10,100,81.0,93.0,보통,합격
E00693,L0130,직원130,인사팀,주임,회사1,C003,직장 예절 강좌 3,직장 예절,이강사,초급,2025-12-17,,,8,0,,,,
E00694,L0135,직원135,영업팀,대리,회사3,C035,기본소양 강좌 35,직장 예절,한강사,초급,2026-04-06,2026-04-06,,2,61,,,,
E00695,L0187,직원187,인사팀,대리,회사2,C012,기본소양 강좌 12,리더십,김강사,중급,2026-01-20,2026-01-20,2026-03-02,12,100,88.0,94.0,낮음,합격
E00696,L0047,직원47,재무팀,사원,회사2,C024,직무 스킬 강좌 24,언어,한강사,중급,2025-12-02,2025-12-02,,10,19,,,,
E00697,L0022,직원22,재무팀,주임,회사2,C032,직장 예절 강좌 32,기술,정강사,고급,2025-11-14,,,6,0,,,,
E00698,L0052,직원52,인사팀,사원,회사1,C014,직장 예절 강좌 14,언어,김강사,초급,2025-11-08,2025-11-08,,4,36,,,,
E00699,L0125,직원125,영업팀,사원,회사1,C036,기본소양 강좌 36,언어,박강사,중급,2026-04-10,2026-04-10,2026-06-07,2,100,71.0,92.0,낮음,합격
E00700,L0185,직원185,영업팀,대리,회사1,C003,직장 예절 강좌 3,직장 예절,이강사,초급,2025-09-24,2025-09-24,2025-10-06,8,100,76.0,96.0,높음,합격
E00701,L0012,직원12,개발팀,부장,회사3,C043,직장 예절 강좌 43,기본소양,한강사,고급,2025-07-06,2025-07-06,,6,12,,,,
E00702,L0067,직원67,마케팅팀,주임,회사1,C024,직무 스킬 강좌 24,언어,한강사,중급,2025-09-06,2025-09-06,2025-11-01,10,100,96.0,75.0,높음,합격
E00703,L0183,직원183,영업팀,대리,회사1,C028,직무 스킬 강좌 28,기본소양,한강사,중급,2025-12-12,,,6,0,,,,
E00704,L0063,직원63,마케팅팀,사원,회사3,C035,기본소양 강좌 35,직장 예절,한강사,초급,2026-05-06,2026-05-06,2026-05-18,2,100,88.0,78.0,보통,합격
E00705,L0057,직원57,인사팀,부장,회사2,C034,기술 강좌 34,직무 스킬,정강사,초급,2025-08-21,,,2,0,,,,
E00706,L0062,직원62,개발팀,과장,회사3,C047,직무 스킬 강좌 47,기본소양,한강사,고급,2026-04-12,2026-04-12,,10,19,,,,
E00707,L0159,직원159,인사팀,과장,회사3,C040,언어 강좌 40,리더십,김강사,고급,2025-08-08,2025-08-08,,4,85,,,,
E00708,L0031,직원31,기획팀,부장,회사2,C005,기술 강좌 5,리더십,김강사,초급,2026-01-26,2026-01-26,2026-02-02,4,100,74.0,81.0,보통,합격
E00709,L0166,직원166,인사팀,사원,회사2,C007,직장 예절 강좌 7,직장 예절,박강사,고급,2026-06-10,2026-06-10,2026-07-12,2,100,84.0,72.0,낮음,불합격
E00710,L0148,직원148,재무팀,대리,회사3,C035,기본소양 강좌 35,직장 예절,한강사,초급,2026-03-21,,,2,0,,,,
E00711,L0095,직원95,영업팀,주임,회사1,C007,직장 예절 강좌 7,직장 예절,박강사,고급,2026-03-02,2026-03-02,2026-03-29,2,100,70.0,89.0,높음,합격
E00712,L0176,직원176,기획팀,과장,회사1,C039,언어 강좌 39,언어,박강사,중급,2026-04-23,2026-04-23,,6,88,,,,
E00713,L0159,직원159,인사팀,과장,회사3,C011,언어 강좌 11,기본소양,김강사,초급,2026-01-30,2026-01-30,2026-03-18,10,100,70.0,77.0,보통,합격
E00714,L0118,직원118,재무팀,사원,회사2,C046,기술 강좌 46,기본소양,이강사,초급,2026-05-24,2026-05-24,2026-06-21,4,100,80.0,94.0,보통,합격
E00715,L0162,직원162,개발팀,주임,회사3,C009,직장 예절 강좌 9,언어,이강사,중급,2026-05-17,2026-05-17,2026-07-12,10,100,73.0,87.0,보통,합격
E00716,L0171,직원171,재무팀,대리,회사1,C011,언어 강좌 11,기본소양,김강사,초급,2025-06-22,2025-06-22,2025-08-19,10,100,70.0,85.0,높음,합격
E00717,L0191,직원191,마케팅팀,사원,회사3,C045,기술 강좌 45,언어,한강사,초급,2025-11-22,,,2,0,,,,
E00718,L0050,직원50,영업팀,과장,회사2,C027,기술 강좌 27,기술,박강사,고급,2025-10-16,,,8,0,,,,
E00719,L0108,직원108,영업팀,과장,회사2,C011,언어 강좌 11,기본소양,김강사,초급,2025-08-27,,,10,0,,,,
E00720,L0159,직원159,인사팀,과장,회사3,C011,언어 강좌 11,기본소양,김강사,초급,2026-05-27,2026-05-27,2026-06-04,10,100,62.0,79.0,높음,합격
E00721,L0146,직원146,마케팅팀,사원,회사2,C045,기술 강좌 45,언어,한강사,초급,2025-07-22,2025-07-22,,2,48,,,,
E00722,L0116,직원116,재무팀,부장,회사3,C033,리더십 강좌 33,리더십,정강사,중급,2025-09-09,2025-09-09,2025-10-06,4,100,94.0,85.0,높음,합격
E00723,L0006,직원6,마케팅팀,부장,회사2,C009,직장 예절 강좌 9,언어,이강사,중급,2025-07-24,,,10,0,,,,
E00724,L0124,직원124,마케팅팀,주임,회사3,C012,기본소양 강좌 12,리더십,김강사,중급,2026-05-11,2026-05-11,2026-07-03,12,100,64.0,75.0,보통,합격
E00725,L0022,직원22,재무팀,주임,회사2,C041,직장 예절 강좌 41,언어,한강사,고급,2025-08-01,,,2,0,,,,
E00726,L0197,직원197,마케팅팀,주임,회사2,C019,직무 스킬 강좌 19,직무 스킬,한강사,중급,2026-05-28,2026-05-28,,4,10,,,,
E00727,L0114,직원114,기획팀,사원,회사1,C035,기본소양 강좌 35,직장 예절,한강사,초급,2025-10-16,2025-10-16,2025-12-06,2,100,68.0,84.0,보통,합격
E00728,L0117,직원117,마케팅팀,주임,회사3,C004,기술 강좌 4,기본소양,이강사,초급,2025-08-22,2025-08-22,,6,76,,,,
E00729,L0175,직원175,개발팀,사원,회사2,C044,기술 강좌 44,언어,김강사,중급,2025-06-16,2025-06-16,,8,14,,,,
E00730,L0193,직원193,재무팀,부장,회사2,C020,직무 스킬 강좌 20,언어,최강사,중급,2026-04-04,2026-04-04,,2,29,,,,
E00731,L0182,직원182,재무팀,대리,회사2,C020,직무 스킬 강좌 20,언어,최강사,중급,2025-08-14,2025-08-14,,2,74,,,,
E00732,L0126,직원126,마케팅팀,주임,회사3,C047,직무 스킬 강좌 47,기본소양,한강사,고급,2025-08-17,2025-08-17,,10,95,,,,
E00733,L0070,직원70,인사팀,사원,회사3,C045,기술 강좌 45,언어,한강사,초급,2026-04-22,2026-04-22,,2,26,,,,
E00734,L0122,직원122,기획팀,부장,회사2,C043,직장 예절 강좌 43,기본소양,한강사,고급,2025-10-02,2025-10-02,2025-10-17,6,100,70.0,72.0,낮음,합격
E00735,L0020,직원20,영업팀,과장,회사3,C036,기본소양 강좌 36,언어,박강사,중급,2026-05-16,2026-05-16,2026-06-23,2,100,76.0,76.0,높음,합격
E00736,L0195,직원195,인사팀,사원,회사1,C006,리더십 강좌 6,기본소양,정강사,초급,2025-07-22,2025-07-22,2025-09-16,4,100,68.0,86.0,높음,합격
E00737,L0136,직원136,마케팅팀,주임,회사1,C021,언어 강좌 21,리더십,최강사,중급,2026-02-20,2026-02-20,2026-03-21,12,100,86.0,77.0,높음,합격
E00738,L0074,직원74,기획팀,사원,회사1,C034,기술 강좌 34,직무 스킬,정강사,초급,2025-07-28,2025-07-28,2025-08-17,2,100,61.0,77.0,높음,합격
E00739,L0028,직원28,개발팀,사원,회사2,C006,리더십 강좌 6,기본소양,정강사,초급,2025-11-01,2025-11-01,,4,68,,,,
E00740,L0130,직원130,인사팀,주임,회사1,C029,직장 예절 강좌 29,리더십,박강사,초급,2025-12-31,2025-12-31,2026-02-10,10,100,65.0,77.0,낮음,합격
E00741,L0195,직원195,인사팀,사원,회사1,C046,기술 강좌 46,기본소양,이강사,초급,2026-01-18,2026-01-18,2026-02-22,4,100,93.0,93.0,높음,합격
E00742,L0145,직원145,인사팀,과장,회사3,C002,기술 강좌 2,리더십,한강사,중급,2025-11-29,,,4,0,,,,
E00743,L0006,직원6,마케팅팀,부장,회사2,C026,직무 스킬 강좌 26,직장 예절,박강사,고급,2025-08-03,2025-08-03,2025-09-13,10,100,89.0,89.0,높음,합격
E00744,L0183,직원183,영업팀,대리,회사1,C038,직무 스킬 강좌 38,언어,한강사,중급,2025-12-14,2025-12-14,2026-01-06,8,100,92.0,99.0,낮음,불합격
E00745,L0094,직원94,영업팀,주임,회사3,C040,언어 강좌 40,리더십,김강사,고급,2025-06-17,2025-06-17,,4,65,,,,
E00746,L0109,직원109,개발팀,사원,회사3,C050,언어 강좌 50,기술,박강사,중급,2026-06-01,2026-06-01,2026-07-14,12,100,75.0,98.0,낮음,합격
E00747,L0093,직원93,영업팀,대리,회사2,C047,직무 스킬 강좌 47,기본소양,한강사,고급,2026-03-13,2026-03-13,,10,55,,,,
E00748,L0125,직원125,영업팀,사원,회사1,C009,직장 예절 강좌 9,언어,이강사,중급,2026-03-20,2026-03-20,,10,28,,,,
E00749,L0153,직원153,마케팅팀,사원,회사2,C038,직무 스킬 강좌 38,언어,한강사,중급,2026-01-31,2026-01-31,2026-02-01,8,100,76.0,75.0,높음,합격
E00750,L0078,직원78,기획팀,부장,회사3,C026,직무 스킬 강좌 26,직장 예절,박강사,고급,2025-06-21,,,10,0,,,,
E00751,L0113,직원113,영업팀,사원,회사2,C025,기술 강좌 25,기본소양,박강사,중급,2025-08-07,2025-08-07,2025-10-04,12,100,93.0,77.0,높음,합격
E00752,L0072,직원72,인사팀,과장,회사1,C042,직무 스킬 강좌 42,직무 스킬,김강사,고급,2025-11-28,2025-11-28,,2,67,,,,
E00753,L0014,직원14,영업팀,주임,회사2,C029,직장 예절 강좌 29,리더십,박강사,초급,2025-10-13,,,10,0,,,,
E00754,L0153,직원153,마케팅팀,사원,회사2,C036,기본소양 강좌 36,언어,박강사,중급,2025-11-30,2025-11-30,,2,43,,,,
E00755,L0056,직원56,마케팅팀,대리,회사3,C008,직장 예절 강좌 8,기본소양,최강사,초급,2025-12-24,2025-12-24,2026-02-13,8,100,88.0,82.0,보통,합격
E00756,L0129,직원129,재무팀,과장,회사1,C030,기본소양 강좌 30,기술,박강사,초급,2026-04-06,2026-04-06,,8,64,,,,
E00757,L0095,직원95,영업팀,주임,회사1,C010,언어 강좌 10,언어,이강사,중급,2025-11-21,2025-11-21,,8,51,,,,
E00758,L0122,직원122,기획팀,부장,회사2,C027,기술 강좌 27,기술,박강사,고급,2025-10-25,2025-10-25,,8,95,,,,
E00759,L0082,직원82,개발팀,대리,회사1,C033,리더십 강좌 33,리더십,정강사,중급,2026-01-26,2026-01-26,2026-02-14,4,100,93.0,77.0,낮음,합격
E00760,L0177,직원177,영업팀,과장,회사2,C007,직장 예절 강좌 7,직장 예절,박강사,고급,2026-04-29,2026-04-29,,2,93,,,,
E00761,L0192,직원192,재무팀,대리,회사1,C038,직무 스킬 강좌 38,언어,한강사,중급,2025-10-03,2025-10-03,2025-10-26,8,100,80.0,75.0,높음,합격
E00762,L0028,직원28,개발팀,사원,회사2,C013,직무 스킬 강좌 13,리더십,김강사,중급,2025-08-12,2025-08-12,2025-09-03,2,100,97.0,96.0,보통,합격
E00763,L0077,직원77,인사팀,과장,회사1,C019,직무 스킬 강좌 19,직무 스킬,한강사,중급,2026-02-15,,,4,0,,,,
E00764,L0195,직원195,인사팀,사원,회사1,C007,직장 예절 강좌 7,직장 예절,박강사,고급,2026-02-24,2026-02-24,2026-03-02,2,100,65.0,80.0,낮음,합격
E00765,L0118,직원118,재무팀,사원,회사2,C041,직장 예절 강좌 41,언어,한강사,고급,2025-10-26,2025-10-26,2025-11-03,2,100,69.0,89.0,낮음,합격
E00766,L0048,직원48,마케팅팀,대리,회사1,C007,직장 예절 강좌 7,직장 예절,박강사,고급,2025-10-28,2025-10-28,,2,70,,,,
E00767,L0024,직원24,인사팀,부장,회사1,C022,기술 강좌 22,직장 예절,이강사,초급,2025-12-27,,,2,0,,,,
E00768,L0141,직원141,인사팀,부장,회사1,C025,기술 강좌 25,기본소양,박강사,중급,2025-10-02,2025-10-02,,12,40,,,,
E00769,L0171,직원171,재무팀,대리,회사1,C002,기술 강좌 2,리더십,한강사,중급,2025-10-15,2025-10-15,2025-11-25,4,100,90.0,89.0,낮음,합격
E00770,L0009,직원9,영업팀,과장,회사3,C038,직무 스킬 강좌 38,언어,한강사,중급,2026-01-16,2026-01-16,2026-03-13,8,100,78.0,90.0,낮음,합격
E00771,L0011,직원11,마케팅팀,사원,회사1,C050,언어 강좌 50,기술,박강사,중급,2025-08-04,2025-08-04,2025-08-06,12,100,60.0,77.0,낮음,합격
E00772,L0154,직원154,마케팅팀,사원,회사2,C027,기술 강좌 27,기술,박강사,고급,2025-09-24,2025-09-24,2025-09-24,8,100,71.0,75.0,낮음,합격
E00773,L0032,직원32,개발팀,대리,회사1,C008,직장 예절 강좌 8,기본소양,최강사,초급,2026-01-18,2026-01-18,,8,87,,,,
E00774,L0009,직원9,영업팀,과장,회사3,C032,직장 예절 강좌 32,기술,정강사,고급,2025-06-29,2025-06-29,,6,35,,,,
E00775,L0152,직원152,재무팀,대리,회사2,C047,직무 스킬 강좌 47,기본소양,한강사,고급,2025-08-06,2025-08-06,,10,49,,,,
E00776,L0056,직원56,마케팅팀,대리,회사3,C041,직장 예절 강좌 41,언어,한강사,고급,2025-12-17,,,2,0,,,,
E00777,L0013,직원13,영업팀,과장,회사2,C038,직무 스킬 강좌 38,언어,한강사,중급,2026-04-09,2026-04-09,,8,81,,,,
E00778,L0192,직원192,재무팀,대리,회사1,C024,직무 스킬 강좌 24,언어,한강사,중급,2026-01-15,2026-01-15,,10,83,,,,
E00779,L0049,직원49,마케팅팀,사원,회사1,C005,기술 강좌 5,리더십,김강사,초급,2025-06-13,2025-06-13,,4,78,,,,
E00780,L0144,직원144,기획팀,부장,회사3,C022,기술 강좌 22,직장 예절,이강사,초급,2026-05-09,2026-05-09,2026-07-04,2,100,91.0,85.0,보통,합격
E00781,L0086,직원86,인사팀,과장,회사2,C031,기술 강좌 31,직무 스킬,이강사,중급,2025-10-07,2025-10-07,2025-12-01,12,100,84.0,75.0,낮음,합격
E00782,L0018,직원18,기획팀,주임,회사2,C049,리더십 강좌 49,직장 예절,박강사,중급,2025-12-05,2025-12-05,,6,13,,,,
E00783,L0191,직원191,마케팅팀,사원,회사3,C003,직장 예절 강좌 3,직장 예절,이강사,초급,2026-02-27,2026-02-27,2026-04-13,8,100,69.0,74.0,보통,합격
E00784,L0021,직원21,기획팀,과장,회사1,C009,직장 예절 강좌 9,언어,이강사,중급,2026-03-18,2026-03-18,,10,22,,,,
E00785,L0117,직원117,마케팅팀,주임,회사3,C010,언어 강좌 10,언어,이강사,중급,2025-07-03,2025-07-03,,8,70,,,,
E00786,L0001,직원1,마케팅팀,부장,회사3,C048,기술 강좌 48,언어,정강사,고급,2025-07-27,2025-07-27,2025-09-19,10,100,67.0,88.0,높음,합격
E00787,L0197,직원197,마케팅팀,주임,회사2,C001,언어 강좌 1,언어,한강사,고급,2025-12-26,2025-12-26,2026-01-24,4,100,96.0,77.0,보통,합격
E00788,L0146,직원146,마케팅팀,사원,회사2,C035,기본소양 강좌 35,직장 예절,한강사,초급,2025-11-16,2025-11-16,,2,59,,,,
E00789,L0109,직원109,개발팀,사원,회사3,C041,직장 예절 강좌 41,언어,한강사,고급,2026-03-25,2026-03-25,2026-04-25,2,100,86.0,81.0,높음,합격
E00790,L0185,직원185,영업팀,대리,회사1,C015,직장 예절 강좌 15,언어,최강사,중급,2026-01-22,2026-01-22,,12,18,,,,
E00791,L0153,직원153,마케팅팀,사원,회사2,C032,직장 예절 강좌 32,기술,정강사,고급,2025-09-01,2025-09-01,2025-10-11,6,100,79.0,94.0,보통,합격
E00792,L0181,직원181,재무팀,과장,회사1,C036,기본소양 강좌 36,언어,박강사,중급,2025-08-20,2025-08-20,2025-08-29,2,100,67.0,78.0,낮음,합격
E00793,L0136,직원136,마케팅팀,주임,회사1,C050,언어 강좌 50,기술,박강사,중급,2025-11-18,2025-11-18,,12,48,,,,
E00794,L0145,직원145,인사팀,과장,회사3,C023,리더십 강좌 23,직장 예절,박강사,중급,2025-09-21,2025-09-21,2025-10-08,10,100,73.0,99.0,낮음,합격
E00795,L0032,직원32,개발팀,대리,회사1,C013,직무 스킬 강좌 13,리더십,김강사,중급,2025-11-08,2025-11-08,2025-12-29,2,100,97.0,78.0,높음,합격
E00796,L0123,직원123,영업팀,부장,회사2,C027,기술 강좌 27,기술,박강사,고급,2025-12-15,,,8,0,,,,
E00797,L0096,직원96,인사팀,대리,회사3,C042,직무 스킬 강좌 42,직무 스킬,김강사,고급,2025-06-24,,,2,0,,,,
E00798,L0051,직원51,영업팀,대리,회사1,C015,직장 예절 강좌 15,언어,최강사,중급,2025-12-24,2025-12-24,,12,20,,,,
E00799,L0199,직원199,기획팀,과장,회사3,C037,직장 예절 강좌 37,직무 스킬,한강사,초급,2026-05-19,2026-05-19,2026-06-03,8,100,96.0,91.0,낮음,합격
E00800,L0179,직원179,인사팀,과장,회사3,C032,직장 예절 강좌 32,기술,정강사,고급,2026-03-03,2026-03-03,2026-03-12,6,100,61.0,93.0,보통,불합격
E00801,L0099,직원99,인사팀,과장,회사1,C018,기본소양 강좌 18,직장 예절,박강사,고급,2025-07-26,2025-07-26,2025-07-31,2,100,65.0,79.0,보통,합격
E00802,L0042,직원42,기획팀,대리,회사2,C026,직무 스킬 강좌 26,직장 예절,박강사,고급,2026-02-23,2026-02-23,2026-03-30,10,100,63.0,77.0,높음,합격
E00803,L0165,직원165,마케팅팀,과장,회사3,C045,기술 강좌 45,언어,한강사,초급,2025-07-02,2025-07-02,,2,87,,,,
E00804,L0039,직원39,개발팀,대리,회사2,C016,기본소양 강좌 16,리더십,정강사,중급,2025-12-05,2025-12-05,2026-01-02,4,100,92.0,95.0,높음,합격
E00805,L0043,직원43,마케팅팀,사원,회사2,C038,직무 스킬 강좌 38,언어,한강사,중급,2026-02-08,2026-02-08,2026-03-11,8,100,86.0,90.0,보통,합격
E00806,L0070,직원70,인사팀,사원,회사3,C015,직장 예절 강좌 15,언어,최강사,중급,2026-05-04,2026-05-04,2026-06-06,12,100,69.0,71.0,보통,합격
E00807,L0156,직원156,인사팀,주임,회사2,C042,직무 스킬 강좌 42,직무 스킬,김강사,고급,2025-11-12,2025-11-12,,2,27,,,,
E00808,L0062,직원62,개발팀,과장,회사3,C036,기본소양 강좌 36,언어,박강사,중급,2025-12-19,2025-12-19,2026-01-30,2,100,67.0,81.0,높음,합격
E00809,L0090,직원90,마케팅팀,사원,회사3,C004,기술 강좌 4,기본소양,이강사,초급,2026-03-26,2026-03-26,,6,54,,,,
E00810,L0101,직원101,영업팀,대리,회사2,C045,기술 강좌 45,언어,한강사,초급,2025-10-14,2025-10-14,2025-12-11,2,100,92.0,94.0,높음,합격
E00811,L0065,직원65,인사팀,주임,회사3,C028,직무 스킬 강좌 28,기본소양,한강사,중급,2026-02-20,2026-02-20,,6,42,,,,
E00812,L0076,직원76,기획팀,대리,회사1,C007,직장 예절 강좌 7,직장 예절,박강사,고급,2025-11-07,2025-11-07,,2,85,,,,
E00813,L0129,직원129,재무팀,과장,회사1,C022,기술 강좌 22,직장 예절,이강사,초급,2025-11-18,2025-11-18,,2,25,,,,
E00814,L0179,직원179,인사팀,과장,회사3,C045,기술 강좌 45,언어,한강사,초급,2025-09-16,2025-09-16,,2,74,,,,
E00815,L0164,직원164,영업팀,과장,회사2,C044,기술 강좌 44,언어,김강사,중급,2026-05-08,2026-05-08,2026-05-08,8,100,98.0,90.0,낮음,합격
E00816,L0114,직원114,기획팀,사원,회사1,C025,기술 강좌 25,기본소양,박강사,중급,2025-07-07,2025-07-07,,12,94,,,,
E00817,L0074,직원74,기획팀,사원,회사1,C012,기본소양 강좌 12,리더십,김강사,중급,2025-11-22,2025-11-22,,12,48,,,,
E00818,L0042,직원42,기획팀,대리,회사2,C019,직무 스킬 강좌 19,직무 스킬,한강사,중급,2026-03-26,2026-03-26,2026-03-30,4,100,78.0,95.0,높음,합격
E00819,L0192,직원192,재무팀,대리,회사1,C036,기본소양 강좌 36,언어,박강사,중급,2026-03-16,2026-03-16,,2,38,,,,
E00820,L0032,직원32,개발팀,대리,회사1,C024,직무 스킬 강좌 24,언어,한강사,중급,2026-05-22,2026-05-22,,10,56,,,,
E00821,L0165,직원165,마케팅팀,과장,회사3,C040,언어 강좌 40,리더십,김강사,고급,2025-07-30,2025-07-30,2025-09-23,4,100,70.0,74.0,높음,합격
E00822,L0109,직원109,개발팀,사원,회사3,C031,기술 강좌 31,직무 스킬,이강사,중급,2026-05-09,2026-05-09,2026-06-27,12,100,71.0,88.0,보통,합격
E00823,L0114,직원114,기획팀,사원,회사1,C030,기본소양 강좌 30,기술,박강사,초급,2026-01-11,2026-01-11,,8,65,,,,
E00824,L0165,직원165,마케팅팀,과장,회사3,C020,직무 스킬 강좌 20,언어,최강사,중급,2026-03-21,2026-03-21,2026-03-29,2,100,66.0,95.0,낮음,합격
E00825,L0110,직원110,개발팀,과장,회사3,C045,기술 강좌 45,언어,한강사,초급,2025-11-21,2025-11-21,2025-12-06,2,100,67.0,90.0,높음,합격
E00826,L0107,직원107,개발팀,과장,회사1,C022,기술 강좌 22,직장 예절,이강사,초급,2026-04-07,2026-04-07,2026-05-15,2,100,80.0,94.0,낮음,합격
E00827,L0144,직원144,기획팀,부장,회사3,C034,기술 강좌 34,직무 스킬,정강사,초급,2025-12-09,2025-12-09,,2,39,,,,
E00828,L0100,직원100,기획팀,과장,회사2,C048,기술 강좌 48,언어,정강사,고급,2026-04-28,2026-04-28,2026-05-08,10,100,76.0,98.0,높음,합격
E00829,L0118,직원118,재무팀,사원,회사2,C028,직무 스킬 강좌 28,기본소양,한강사,중급,2026-01-19,,,6,0,,,,
E00830,L0172,직원172,마케팅팀,대리,회사1,C040,언어 강좌 40,리더십,김강사,고급,2026-05-25,2026-05-25,2026-06-16,4,100,64.0,92.0,낮음,합격
E00831,L0051,직원51,영업팀,대리,회사1,C045,기술 강좌 45,언어,한강사,초급,2025-07-05,2025-07-05,,2,65,,,,
E00832,L0060,직원60,재무팀,대리,회사3,C006,리더십 강좌 6,기본소양,정강사,초급,2025-06-11,2025-06-11,,4,31,,,,
E00833,L0087,직원87,재무팀,부장,회사3,C048,기술 강좌 48,언어,정강사,고급,2025-09-12,2025-09-12,2025-10-10,10,100,65.0,78.0,높음,합격
E00834,L0089,직원89,인사팀,부장,회사3,C026,직무 스킬 강좌 26,직장 예절,박강사,고급,2026-02-15,2026-02-15,,10,52,,,,
E00835,L0098,직원98,개발팀,주임,회사2,C045,기술 강좌 45,언어,한강사,초급,2025-11-24,2025-11-24,,2,11,,,,
E00836,L0143,직원143,기획팀,사원,회사1,C009,직장 예절 강좌 9,언어,이강사,중급,2026-05-10,2026-05-10,2026-06-26,10,100,88.0,72.0,보통,합격
E00837,L0198,직원198,기획팀,대리,회사1,C036,기본소양 강좌 36,언어,박강사,중급,2026-05-31,2026-05-31,2026-07-22,2,100,96.0,81.0,보통,합격
E00838,L0077,직원77,인사팀,과장,회사1,C002,기술 강좌 2,리더십,한강사,중급,2026-03-25,2026-03-25,2026-05-01,4,100,63.0,79.0,높음,합격
E00839,L0166,직원166,인사팀,사원,회사2,C004,기술 강좌 4,기본소양,이강사,초급,2025-08-01,2025-08-01,2025-09-27,6,100,88.0,77.0,낮음,합격
E00840,L0127,직원127,마케팅팀,과장,회사3,C002,기술 강좌 2,리더십,한강사,중급,2025-08-06,2025-08-06,,4,82,,,,
E00841,L0040,직원40,영업팀,부장,회사1,C005,기술 강좌 5,리더십,김강사,초급,2026-05-10,2026-05-10,2026-06-15,4,100,75.0,98.0,보통,합격
E00842,L0068,직원68,마케팅팀,과장,회사1,C043,직장 예절 강좌 43,기본소양,한강사,고급,2025-06-11,2025-06-11,,6,33,,,,
E00843,L0101,직원101,영업팀,대리,회사2,C005,기술 강좌 5,리더십,김강사,초급,2025-11-02,2025-11-02,,4,13,,,,
E00844,L0036,직원36,인사팀,과장,회사2,C013,직무 스킬 강좌 13,리더십,김강사,중급,2025-10-31,2025-10-31,2025-12-11,2,100,86.0,99.0,높음,합격
E00845,L0155,직원155,기획팀,부장,회사2,C036,기본소양 강좌 36,언어,박강사,중급,2025-12-03,2025-12-03,,2,28,,,,
E00846,L0019,직원19,재무팀,주임,회사2,C028,직무 스킬 강좌 28,기본소양,한강사,중급,2025-09-06,2025-09-06,,6,17,,,,
E00847,L0055,직원55,재무팀,과장,회사2,C033,리더십 강좌 33,리더십,정강사,중급,2025-12-20,2025-12-20,2026-01-09,4,100,85.0,82.0,보통,합격
E00848,L0053,직원53,영업팀,주임,회사2,C048,기술 강좌 48,언어,정강사,고급,2025-07-02,2025-07-02,2025-08-02,10,100,95.0,89.0,보통,불합격
E00849,L0039,직원39,개발팀,대리,회사2,C015,직장 예절 강좌 15,언어,최강사,중급,2026-04-28,2026-04-28,2026-05-29,12,100,72.0,91.0,낮음,합격
E00850,L0153,직원153,마케팅팀,사원,회사2,C025,기술 강좌 25,기본소양,박강사,중급,2026-02-23,2026-02-23,2026-03-15,12,100,94.0,99.0,높음,합격
E00851,L0078,직원78,기획팀,부장,회사3,C030,기본소양 강좌 30,기술,박강사,초급,2025-08-12,2025-08-12,2025-10-03,8,100,87.0,98.0,낮음,합격
E00852,L0121,직원121,영업팀,부장,회사1,C013,직무 스킬 강좌 13,리더십,김강사,중급,2026-03-06,2026-03-06,,2,46,,,,
E00853,L0086,직원86,인사팀,과장,회사2,C028,직무 스킬 강좌 28,기본소양,한강사,중급,2026-01-14,,,6,0,,,,
E00854,L0046,직원46,기획팀,대리,회사2,C037,직장 예절 강좌 37,직무 스킬,한강사,초급,2025-07-03,2025-07-03,2025-08-14,8,100,71.0,98.0,높음,합격
E00855,L0078,직원78,기획팀,부장,회사3,C013,직무 스킬 강좌 13,리더십,김강사,중급,2026-04-21,2026-04-21,2026-05-28,2,100,63.0,95.0,낮음,합격
E00856,L0121,직원121,영업팀,부장,회사1,C018,기본소양 강좌 18,직장 예절,박강사,고급,2025-07-24,2025-07-24,,2,14,,,,
E00857,L0048,직원48,마케팅팀,대리,회사1,C021,언어 강좌 21,리더십,최강사,중급,2025-06-17,2025-06-17,,12,84,,,,
E00858,L0099,직원99,인사팀,과장,회사1,C025,기술 강좌 25,기본소양,박강사,중급,2025-12-05,2025-12-05,2025-12-13,12,100,85.0,80.0,높음,합격
E00859,L0197,직원197,마케팅팀,주임,회사2,C036,기본소양 강좌 36,언어,박강사,중급,2025-10-02,2025-10-02,,2,37,,,,
E00860,L0152,직원152,재무팀,대리,회사2,C013,직무 스킬 강좌 13,리더십,김강사,중급,2026-05-13,2026-05-13,,2,17,,,,
E00861,L0050,직원50,영업팀,과장,회사2,C020,직무 스킬 강좌 20,언어,최강사,중급,2026-03-14,2026-03-14,,2,70,,,,
E00862,L0021,직원21,기획팀,과장,회사1,C033,리더십 강좌 33,리더십,정강사,중급,2025-12-11,,,4,0,,,,
E00863,L0052,직원52,인사팀,사원,회사1,C008,직장 예절 강좌 8,기본소양,최강사,초급,2025-12-11,2025-12-11,,8,45,,,,
E00864,L0141,직원141,인사팀,부장,회사1,C050,언어 강좌 50,기술,박강사,중급,2025-07-31,2025-07-31,2025-08-02,12,100,61.0,87.0,보통,합격
E00865,L0079,직원79,개발팀,사원,회사1,C047,직무 스킬 강좌 47,기본소양,한강사,고급,2025-06-16,2025-06-16,2025-06-25,10,100,63.0,96.0,낮음,합격
E00866,L0103,직원103,영업팀,사원,회사2,C017,직장 예절 강좌 17,기본소양,박강사,초급,2025-07-19,2025-07-19,2025-08-03,8,100,67.0,87.0,낮음,합격
E00867,L0151,직원151,영업팀,주임,회사3,C005,기술 강좌 5,리더십,김강사,초급,2026-03-06,2026-03-06,,4,35,,,,
E00868,L0075,직원75,재무팀,주임,회사2,C022,기술 강좌 22,직장 예절,이강사,초급,2025-07-01,2025-07-01,2025-07-17,2,100,95.0,80.0,낮음,합격
E00869,L0172,직원172,마케팅팀,대리,회사1,C007,직장 예절 강좌 7,직장 예절,박강사,고급,2026-04-25,2026-04-25,2026-05-31,2,100,60.0,79.0,높음,합격
E00870,L0134,직원134,영업팀,주임,회사2,C046,기술 강좌 46,기본소양,이강사,초급,2025-10-15,2025-10-15,2025-12-02,4,100,67.0,72.0,보통,합격
E00871,L0172,직원172,마케팅팀,대리,회사1,C008,직장 예절 강좌 8,기본소양,최강사,초급,2025-10-30,2025-10-30,2025-12-22,8,100,85.0,88.0,보통,합격
E00872,L0004,직원4,마케팅팀,대리,회사1,C036,기본소양 강좌 36,언어,박강사,중급,2025-12-04,2025-12-04,2026-01-20,2,100,78.0,73.0,보통,합격
E00873,L0007,직원7,기획팀,부장,회사1,C032,직장 예절 강좌 32,기술,정강사,고급,2025-12-25,2025-12-25,2026-02-09,6,100,99.0,76.0,높음,합격
E00874,L0113,직원113,영업팀,사원,회사2,C036,기본소양 강좌 36,언어,박강사,중급,2026-04-19,2026-04-19,2026-05-20,2,100,69.0,75.0,보통,합격
E00875,L0047,직원47,재무팀,사원,회사2,C038,직무 스킬 강좌 38,언어,한강사,중급,2026-04-29,2026-04-29,,8,16,,,,
E00876,L0033,직원33,기획팀,대리,회사1,C041,직장 예절 강좌 41,언어,한강사,고급,2025-12-26,2025-12-26,2026-01-28,2,100,94.0,86.0,낮음,합격
E00877,L0065,직원65,인사팀,주임,회사3,C046,기술 강좌 46,기본소양,이강사,초급,2026-03-02,2026-03-02,,4,98,,,,
E00878,L0177,직원177,영업팀,과장,회사2,C035,기본소양 강좌 35,직장 예절,한강사,초급,2025-09-04,2025-09-04,2025-09-16,2,100,69.0,78.0,높음,합격
E00879,L0088,직원88,마케팅팀,사원,회사1,C039,언어 강좌 39,언어,박강사,중급,2025-07-12,2025-07-12,,6,83,,,,
E00880,L0057,직원57,인사팀,부장,회사2,C028,직무 스킬 강좌 28,기본소양,한강사,중급,2025-07-30,,,6,0,,,,
E00881,L0054,직원54,재무팀,사원,회사2,C039,언어 강좌 39,언어,박강사,중급,2026-03-19,2026-03-19,,6,12,,,,
E00882,L0085,직원85,마케팅팀,대리,회사1,C046,기술 강좌 46,기본소양,이강사,초급,2025-10-24,2025-10-24,2025-11-15,4,100,87.0,91.0,낮음,합격
E00883,L0176,직원176,기획팀,과장,회사1,C038,직무 스킬 강좌 38,언어,한강사,중급,2025-10-22,2025-10-22,2025-10-30,8,100,81.0,84.0,보통,합격
E00884,L0165,직원165,마케팅팀,과장,회사3,C031,기술 강좌 31,직무 스킬,이강사,중급,2026-02-02,2026-02-02,2026-03-21,12,100,78.0,90.0,보통,합격
E00885,L0148,직원148,재무팀,대리,회사3,C046,기술 강좌 46,기본소양,이강사,초급,2025-06-16,2025-06-16,2025-08-12,4,100,83.0,97.0,낮음,합격
E00886,L0159,직원159,인사팀,과장,회사3,C049,리더십 강좌 49,직장 예절,박강사,중급,2025-12-03,2025-12-03,2026-01-09,6,100,91.0,71.0,보통,합격
E00887,L0123,직원123,영업팀,부장,회사2,C001,언어 강좌 1,언어,한강사,고급,2025-12-27,2025-12-27,2026-01-07,4,100,96.0,70.0,높음,합격
E00888,L0038,직원38,재무팀,과장,회사3,C023,리더십 강좌 23,직장 예절,박강사,중급,2025-12-04,2025-12-04,2026-01-09,10,100,82.0,83.0,낮음,합격
E00889,L0104,직원104,기획팀,대리,회사1,C009,직장 예절 강좌 9,언어,이강사,중급,2026-04-22,2026-04-22,,10,54,,,,
E00890,L0092,직원92,영업팀,사원,회사2,C020,직무 스킬 강좌 20,언어,최강사,중급,2025-08-12,2025-08-12,2025-09-28,2,100,89.0,80.0,높음,불합격
E00891,L0148,직원148,재무팀,대리,회사3,C016,기본소양 강좌 16,리더십,정강사,중급,2026-04-05,2026-04-05,,4,60,,,,
E00892,L0146,직원146,마케팅팀,사원,회사2,C032,직장 예절 강좌 32,기술,정강사,고급,2026-05-16,2026-05-16,,6,33,,,,
E00893,L0186,직원186,인사팀,사원,회사3,C017,직장 예절 강좌 17,기본소양,박강사,초급,2025-07-13,2025-07-13,,8,14,,,,
E00894,L0088,직원88,마케팅팀,사원,회사1,C007,직장 예절 강좌 7,직장 예절,박강사,고급,2026-06-08,2026-06-08,,2,81,,,,
E00895,L0181,직원181,재무팀,과장,회사1,C050,언어 강좌 50,기술,박강사,중급,2025-10-26,2025-10-26,2025-11-01,12,100,64.0,92.0,낮음,합격
E00896,L0163,직원163,기획팀,대리,회사1,C012,기본소양 강좌 12,리더십,김강사,중급,2026-05-24,2026-05-24,,12,65,,,,
E00897,L0130,직원130,인사팀,주임,회사1,C005,기술 강좌 5,리더십,김강사,초급,2026-04-20,2026-04-20,2026-05-31,4,100,98.0,99.0,낮음,합격
E00898,L0165,직원165,마케팅팀,과장,회사3,C011,언어 강좌 11,기본소양,김강사,초급,2025-10-26,2025-10-26,,10,40,,,,
E00899,L0154,직원154,마케팅팀,사원,회사2,C025,기술 강좌 25,기본소양,박강사,중급,2026-01-13,2026-01-13,,12,26,,,,
E00900,L0069,직원69,기획팀,과장,회사3,C031,기술 강좌 31,직무 스킬,이강사,중급,2026-06-08,2026-06-08,,12,19,,,,
E00901,L0077,직원77,인사팀,과장,회사1,C008,직장 예절 강좌 8,기본소양,최강사,초급,2026-01-18,2026-01-18,2026-02-05,8,100,75.0,75.0,낮음,합격
E00902,L0046,직원46,기획팀,대리,회사2,C012,기본소양 강좌 12,리더십,김강사,중급,2026-02-17,2026-02-17,,12,37,,,,
E00903,L0157,직원157,영업팀,부장,회사1,C042,직무 스킬 강좌 42,직무 스킬,김강사,고급,2026-05-13,2026-05-13,,2,14,,,,
E00904,L0102,직원102,기획팀,부장,회사2,C049,리더십 강좌 49,직장 예절,박강사,중급,2025-08-01,2025-08-01,2025-09-14,6,100,66.0,75.0,높음,합격
E00905,L0093,직원93,영업팀,대리,회사2,C017,직장 예절 강좌 17,기본소양,박강사,초급,2025-08-05,2025-08-05,2025-08-11,8,100,60.0,82.0,낮음,합격
E00906,L0122,직원122,기획팀,부장,회사2,C016,기본소양 강좌 16,리더십,정강사,중급,2026-01-12,2026-01-12,2026-01-28,4,100,73.0,94.0,낮음,합격
E00907,L0080,직원80,마케팅팀,대리,회사2,C021,언어 강좌 21,리더십,최강사,중급,2025-10-17,2025-10-17,,12,73,,,,
E00908,L0135,직원135,영업팀,대리,회사3,C047,직무 스킬 강좌 47,기본소양,한강사,고급,2025-07-15,2025-07-15,,10,60,,,,
E00909,L0141,직원141,인사팀,부장,회사1,C024,직무 스킬 강좌 24,언어,한강사,중급,2026-03-11,,,10,0,,,,
E00910,L0124,직원124,마케팅팀,주임,회사3,C040,언어 강좌 40,리더십,김강사,고급,2025-07-17,2025-07-17,2025-08-15,4,100,67.0,70.0,높음,합격
E00911,L0082,직원82,개발팀,대리,회사1,C047,직무 스킬 강좌 47,기본소양,한강사,고급,2025-07-19,,,10,0,,,,
E00912,L0180,직원180,기획팀,사원,회사1,C026,직무 스킬 강좌 26,직장 예절,박강사,고급,2026-03-30,2026-03-30,2026-04-07,10,100,70.0,76.0,낮음,합격
E00913,L0028,직원28,개발팀,사원,회사2,C010,언어 강좌 10,언어,이강사,중급,2026-03-28,2026-03-28,2026-04-26,8,100,95.0,79.0,보통,합격
E00914,L0059,직원59,인사팀,과장,회사2,C006,리더십 강좌 6,기본소양,정강사,초급,2026-06-08,,,4,0,,,,
E00915,L0131,직원131,재무팀,과장,회사2,C033,리더십 강좌 33,리더십,정강사,중급,2025-11-15,2025-11-15,,4,94,,,,
E00916,L0054,직원54,재무팀,사원,회사2,C017,직장 예절 강좌 17,기본소양,박강사,초급,2026-05-24,2026-05-24,,8,81,,,,
E00917,L0029,직원29,영업팀,사원,회사3,C001,언어 강좌 1,언어,한강사,고급,2025-12-09,2025-12-09,,4,92,,,,
E00918,L0071,직원71,개발팀,과장,회사2,C031,기술 강좌 31,직무 스킬,이강사,중급,2026-03-11,2026-03-11,2026-03-18,12,100,99.0,72.0,낮음,합격
E00919,L0004,직원4,마케팅팀,대리,회사1,C036,기본소양 강좌 36,언어,박강사,중급,2025-10-29,2025-10-29,2025-12-02,2,100,69.0,82.0,낮음,합격
E00920,L0142,직원142,재무팀,사원,회사1,C044,기술 강좌 44,언어,김강사,중급,2026-03-03,2026-03-03,,8,91,,,,
E00921,L0027,직원27,개발팀,대리,회사3,C029,직장 예절 강좌 29,리더십,박강사,초급,2025-07-11,,,10,0,,,,
E00922,L0146,직원146,마케팅팀,사원,회사2,C047,직무 스킬 강좌 47,기본소양,한강사,고급,2025-07-01,2025-07-01,2025-08-05,10,100,83.0,92.0,낮음,합격
E00923,L0105,직원105,재무팀,과장,회사1,C040,언어 강좌 40,리더십,김강사,고급,2026-01-22,2026-01-22,,4,82,,,,
E00924,L0182,직원182,재무팀,대리,회사2,C045,기술 강좌 45,언어,한강사,초급,2026-01-17,2026-01-17,,2,22,,,,
E00925,L0034,직원34,영업팀,대리,회사3,C033,리더십 강좌 33,리더십,정강사,중급,2026-04-29,2026-04-29,2026-05-10,4,100,77.0,88.0,보통,합격
E00926,L0151,직원151,영업팀,주임,회사3,C040,언어 강좌 40,리더십,김강사,고급,2026-01-13,2026-01-13,2026-02-14,4,100,80.0,84.0,보통,합격
E00927,L0056,직원56,마케팅팀,대리,회사3,C015,직장 예절 강좌 15,언어,최강사,중급,2026-05-28,2026-05-28,,12,70,,,,
E00928,L0109,직원109,개발팀,사원,회사3,C029,직장 예절 강좌 29,리더십,박강사,초급,2025-07-31,2025-07-31,,10,78,,,,
E00929,L0186,직원186,인사팀,사원,회사3,C002,기술 강좌 2,리더십,한강사,중급,2025-11-14,2025-11-14,,4,44,,,,
E00930,L0047,직원47,재무팀,사원,회사2,C030,기본소양 강좌 30,기술,박강사,초급,2025-06-27,2025-06-27,,8,10,,,,
E00931,L0193,직원193,재무팀,부장,회사2,C039,언어 강좌 39,언어,박강사,중급,2026-04-22,2026-04-22,,6,56,,,,
E00932,L0173,직원173,영업팀,사원,회사2,C022,기술 강좌 22,직장 예절,이강사,초급,2026-03-27,2026-03-27,,2,91,,,,
E00933,L0147,직원147,마케팅팀,대리,회사1,C034,기술 강좌 34,직무 스킬,정강사,초급,2026-04-12,2026-04-12,,2,27,,,,
E00934,L0173,직원173,영업팀,사원,회사2,C046,기술 강좌 46,기본소양,이강사,초급,2025-10-29,2025-10-29,2025-12-19,4,100,89.0,79.0,보통,합격
E00935,L0029,직원29,영업팀,사원,회사3,C008,직장 예절 강좌 8,기본소양,최강사,초급,2025-08-30,,,8,0,,,,
E00936,L0021,직원21,기획팀,과장,회사1,C042,직무 스킬 강좌 42,직무 스킬,김강사,고급,2025-07-23,2025-07-23,,2,68,,,,
E00937,L0185,직원185,영업팀,대리,회사1,C023,리더십 강좌 23,직장 예절,박강사,중급,2026-04-29,2026-04-29,2026-05-04,10,100,77.0,81.0,보통,합격
E00938,L0158,직원158,기획팀,대리,회사1,C015,직장 예절 강좌 15,언어,최강사,중급,2026-03-21,2026-03-21,2026-05-04,12,100,73.0,90.0,높음,불합격
E00939,L0197,직원197,마케팅팀,주임,회사2,C022,기술 강좌 22,직장 예절,이강사,초급,2025-12-31,2025-12-31,,2,31,,,,
E00940,L0013,직원13,영업팀,과장,회사2,C017,직장 예절 강좌 17,기본소양,박강사,초급,2026-05-09,2026-05-09,,8,19,,,,
E00941,L0053,직원53,영업팀,주임,회사2,C033,리더십 강좌 33,리더십,정강사,중급,2026-03-10,2026-03-10,2026-03-22,4,100,68.0,89.0,보통,합격
E00942,L0033,직원33,기획팀,대리,회사1,C003,직장 예절 강좌 3,직장 예절,이강사,초급,2026-04-24,2026-04-24,2026-06-20,8,100,92.0,92.0,낮음,합격
E00943,L0197,직원197,마케팅팀,주임,회사2,C017,직장 예절 강좌 17,기본소양,박강사,초급,2025-12-30,2025-12-30,2026-01-10,8,100,64.0,89.0,낮음,합격
E00944,L0022,직원22,재무팀,주임,회사2,C008,직장 예절 강좌 8,기본소양,최강사,초급,2026-04-09,2026-04-09,2026-05-22,8,100,83.0,73.0,높음,합격
E00945,L0077,직원77,인사팀,과장,회사1,C007,직장 예절 강좌 7,직장 예절,박강사,고급,2026-05-25,2026-05-25,2026-06-19,2,100,62.0,93.0,높음,합격
E00946,L0163,직원163,기획팀,대리,회사1,C027,기술 강좌 27,기술,박강사,고급,2025-07-23,2025-07-23,2025-07-29,8,100,75.0,83.0,보통,합격
E00947,L0153,직원153,마케팅팀,사원,회사2,C044,기술 강좌 44,언어,김강사,중급,2025-10-23,2025-10-23,2025-11-15,8,100,95.0,87.0,보통,불합격
E00948,L0047,직원47,재무팀,사원,회사2,C005,기술 강좌 5,리더십,김강사,초급,2026-04-11,2026-04-11,,4,80,,,,
E00949,L0003,직원3,개발팀,대리,회사1,C028,직무 스킬 강좌 28,기본소양,한강사,중급,2026-01-06,2026-01-06,2026-02-18,6,100,63.0,83.0,낮음,불합격
E00950,L0120,직원120,기획팀,과장,회사2,C036,기본소양 강좌 36,언어,박강사,중급,2025-06-26,2025-06-26,,2,33,,,,
E00951,L0003,직원3,개발팀,대리,회사1,C002,기술 강좌 2,리더십,한강사,중급,2026-04-29,2026-04-29,2026-06-19,4,100,77.0,76.0,보통,합격
E00952,L0191,직원191,마케팅팀,사원,회사3,C021,언어 강좌 21,리더십,최강사,중급,2025-10-07,2025-10-07,2025-10-20,12,100,77.0,94.0,낮음,합격
E00953,L0044,직원44,인사팀,사원,회사2,C021,언어 강좌 21,리더십,최강사,중급,2026-06-01,2026-06-01,,12,82,,,,
E00954,L0137,직원137,개발팀,부장,회사1,C014,직장 예절 강좌 14,언어,김강사,초급,2026-02-13,2026-02-13,2026-02-18,4,100,71.0,83.0,높음,합격
E00955,L0041,직원41,재무팀,과장,회사2,C047,직무 스킬 강좌 47,기본소양,한강사,고급,2025-09-30,2025-09-30,,10,46,,,,
E00956,L0110,직원110,개발팀,과장,회사3,C009,직장 예절 강좌 9,언어,이강사,중급,2026-02-08,2026-02-08,,10,27,,,,
E00957,L0139,직원139,재무팀,사원,회사3,C002,기술 강좌 2,리더십,한강사,중급,2025-06-12,,,4,0,,,,
E00958,L0191,직원191,마케팅팀,사원,회사3,C050,언어 강좌 50,기술,박강사,중급,2025-11-01,2025-11-01,,12,33,,,,
E00959,L0170,직원170,재무팀,부장,회사2,C008,직장 예절 강좌 8,기본소양,최강사,초급,2025-10-02,2025-10-02,,8,18,,,,
E00960,L0024,직원24,인사팀,부장,회사1,C027,기술 강좌 27,기술,박강사,고급,2026-01-24,2026-01-24,,8,92,,,,
E00961,L0019,직원19,재무팀,주임,회사2,C037,직장 예절 강좌 37,직무 스킬,한강사,초급,2026-05-10,2026-05-10,,8,44,,,,
E00962,L0163,직원163,기획팀,대리,회사1,C012,기본소양 강좌 12,리더십,김강사,중급,2025-12-06,2025-12-06,,12,55,,,,
E00963,L0027,직원27,개발팀,대리,회사3,C033,리더십 강좌 33,리더십,정강사,중급,2026-04-18,2026-04-18,2026-04-29,4,100,88.0,96.0,낮음,합격
E00964,L0149,직원149,재무팀,과장,회사3,C041,직장 예절 강좌 41,언어,한강사,고급,2025-10-26,2025-10-26,2025-11-20,2,100,69.0,96.0,보통,합격
E00965,L0108,직원108,영업팀,과장,회사2,C007,직장 예절 강좌 7,직장 예절,박강사,고급,2025-08-04,2025-08-04,2025-09-27,2,100,71.0,71.0,높음,합격
E00966,L0057,직원57,인사팀,부장,회사2,C012,기본소양 강좌 12,리더십,김강사,중급,2025-10-11,2025-10-11,2025-11-26,12,100,95.0,91.0,보통,합격
E00967,L0145,직원145,인사팀,과장,회사3,C040,언어 강좌 40,리더십,김강사,고급,2025-12-29,2025-12-29,,4,59,,,,
E00968,L0009,직원9,영업팀,과장,회사3,C032,직장 예절 강좌 32,기술,정강사,고급,2025-09-26,2025-09-26,,6,53,,,,
E00969,L0167,직원167,인사팀,과장,회사1,C014,직장 예절 강좌 14,언어,김강사,초급,2026-03-04,2026-03-04,,4,87,,,,
E00970,L0043,직원43,마케팅팀,사원,회사2,C042,직무 스킬 강좌 42,직무 스킬,김강사,고급,2025-11-06,2025-11-06,2025-11-06,2,100,80.0,76.0,낮음,합격
E00971,L0073,직원73,마케팅팀,과장,회사3,C047,직무 스킬 강좌 47,기본소양,한강사,고급,2025-10-23,2025-10-23,,10,14,,,,
E00972,L0069,직원69,기획팀,과장,회사3,C047,직무 스킬 강좌 47,기본소양,한강사,고급,2025-10-27,2025-10-27,,10,34,,,,
E00973,L0012,직원12,개발팀,부장,회사3,C007,직장 예절 강좌 7,직장 예절,박강사,고급,2025-06-18,2025-06-18,2025-08-09,2,100,73.0,93.0,높음,합격
E00974,L0059,직원59,인사팀,과장,회사2,C023,리더십 강좌 23,직장 예절,박강사,중급,2026-01-22,2026-01-22,2026-01-30,10,100,82.0,79.0,높음,합격
E00975,L0198,직원198,기획팀,대리,회사1,C020,직무 스킬 강좌 20,언어,최강사,중급,2025-09-01,2025-09-01,2025-09-03,2,100,80.0,76.0,높음,합격
E00976,L0052,직원52,인사팀,사원,회사1,C001,언어 강좌 1,언어,한강사,고급,2026-03-04,2026-03-04,,4,80,,,,
E00977,L0163,직원163,기획팀,대리,회사1,C032,직장 예절 강좌 32,기술,정강사,고급,2026-05-29,2026-05-29,2026-07-15,6,100,88.0,70.0,높음,합격
E00978,L0099,직원99,인사팀,과장,회사1,C041,직장 예절 강좌 41,언어,한강사,고급,2025-08-05,2025-08-05,2025-09-07,2,100,73.0,84.0,낮음,합격
E00979,L0059,직원59,인사팀,과장,회사2,C044,기술 강좌 44,언어,김강사,중급,2025-12-26,2025-12-26,2026-01-06,8,100,90.0,93.0,보통,불합격
E00980,L0123,직원123,영업팀,부장,회사2,C044,기술 강좌 44,언어,김강사,중급,2025-11-05,2025-11-05,2025-11-21,8,100,72.0,77.0,낮음,합격
E00981,L0072,직원72,인사팀,과장,회사1,C044,기술 강좌 44,언어,김강사,중급,2025-07-03,2025-07-03,2025-07-27,8,100,70.0,75.0,높음,합격
E00982,L0131,직원131,재무팀,과장,회사2,C036,기본소양 강좌 36,언어,박강사,중급,2026-04-20,2026-04-20,,2,32,,,,
E00983,L0009,직원9,영업팀,과장,회사3,C039,언어 강좌 39,언어,박강사,중급,2026-03-18,,,6,0,,,,
E00984,L0021,직원21,기획팀,과장,회사1,C013,직무 스킬 강좌 13,리더십,김강사,중급,2025-08-21,2025-08-21,,2,67,,,,
E00985,L0186,직원186,인사팀,사원,회사3,C024,직무 스킬 강좌 24,언어,한강사,중급,2026-06-05,2026-06-05,,10,70,,,,
E00986,L0033,직원33,기획팀,대리,회사1,C019,직무 스킬 강좌 19,직무 스킬,한강사,중급,2026-04-15,2026-04-15,2026-04-24,4,100,99.0,92.0,보통,합격
E00987,L0058,직원58,기획팀,대리,회사1,C013,직무 스킬 강좌 13,리더십,김강사,중급,2025-11-24,2025-11-24,2026-01-08,2,100,74.0,93.0,낮음,합격
E00988,L0091,직원91,재무팀,부장,회사3,C009,직장 예절 강좌 9,언어,이강사,중급,2026-04-26,2026-04-26,,10,26,,,,
E00989,L0023,직원23,인사팀,과장,회사1,C033,리더십 강좌 33,리더십,정강사,중급,2026-01-28,2026-01-28,2026-03-12,4,100,92.0,76.0,높음,불합격
E00990,L0013,직원13,영업팀,과장,회사2,C011,언어 강좌 11,기본소양,김강사,초급,2025-12-05,2025-12-05,2026-01-21,10,100,78.0,98.0,높음,합격
E00991,L0068,직원68,마케팅팀,과장,회사1,C020,직무 스킬 강좌 20,언어,최강사,중급,2025-07-01,2025-07-01,,2,45,,,,
E00992,L0188,직원188,인사팀,대리,회사1,C004,기술 강좌 4,기본소양,이강사,초급,2026-03-01,2026-03-01,2026-04-04,6,100,78.0,74.0,높음,합격
E00993,L0057,직원57,인사팀,부장,회사2,C021,언어 강좌 21,리더십,최강사,중급,2026-02-18,2026-02-18,2026-03-22,12,100,96.0,96.0,높음,합격
E00994,L0054,직원54,재무팀,사원,회사2,C024,직무 스킬 강좌 24,언어,한강사,중급,2026-02-21,2026-02-21,2026-03-14,10,100,61.0,99.0,보통,합격
E00995,L0105,직원105,재무팀,과장,회사1,C040,언어 강좌 40,리더십,김강사,고급,2026-03-19,2026-03-19,2026-05-01,4,100,79.0,74.0,보통,합격
E00996,L0105,직원105,재무팀,과장,회사1,C025,기술 강좌 25,기본소양,박강사,중급,2025-12-31,2025-12-31,2026-02-18,12,100,79.0,74.0,보통,합격
E00997,L0196,직원196,재무팀,과장,회사2,C040,언어 강좌 40,리더십,김강사,고급,2025-10-17,2025-10-17,,4,82,,,,
E00998,L0017,직원17,개발팀,사원,회사2,C009,직장 예절 강좌 9,언어,이강사,중급,2025-07-28,2025-07-28,2025-09-24,10,100,69.0,80.0,보통,합격
E00999,L0024,직원24,인사팀,부장,회사1,C043,직장 예절 강좌 43,기본소양,한강사,고급,2026-04-05,2026-04-05,2026-05-18,6,100,66.0,99.0,낮음,합격
E01000,L0013,직원13,영업팀,과장,회사2,C047,직무 스킬 강좌 47,기본소양,한강사,고급,2025-12-14,2025-12-14,2026-01-01,10,100,73.0,94.0,높음,합격
